-- phpMyAdmin SQL Dump
-- version 5.0.2
-- https://www.phpmyadmin.net/
--
-- Host: 127.0.0.1:3306
-- Generation Time: Dec 14, 2020 at 04:36 AM
-- Server version: 5.7.31
-- PHP Version: 7.4.9

SET SQL_MODE = "NO_AUTO_VALUE_ON_ZERO";
START TRANSACTION;
SET time_zone = "+00:00";


/*!40101 SET @OLD_CHARACTER_SET_CLIENT=@@CHARACTER_SET_CLIENT */;
/*!40101 SET @OLD_CHARACTER_SET_RESULTS=@@CHARACTER_SET_RESULTS */;
/*!40101 SET @OLD_COLLATION_CONNECTION=@@COLLATION_CONNECTION */;
/*!40101 SET NAMES utf8mb4 */;

--
-- Database: `vfin`
--

-- --------------------------------------------------------

--
-- Table structure for table `financer`
--

DROP TABLE IF EXISTS `financer`;
CREATE TABLE IF NOT EXISTS `financer` (
  `f_id` varchar(3) NOT NULL,
  `name` varchar(20) DEFAULT NULL,
  `office` varchar(9) DEFAULT NULL,
  PRIMARY KEY (`f_id`)
) ENGINE=InnoDB DEFAULT CHARSET=utf8;

--
-- Dumping data for table `financer`
--

INSERT INTO `financer` (`f_id`, `name`, `office`) VALUES
('F1', 'SBI', 'Mumbai'),
('F10', 'BAJAJ FINSERV', 'Mumbai'),
('F11', 'MAHINDRA FINANCE', 'New Delhi'),
('F12', 'TATA FINANCE LTD', 'Lucknow'),
('F13', 'CHOLAMANDALAM ', 'Mumbai'),
('F14', 'SHRI RAM FINANCE', 'Surat'),
('F15', 'MUTHOOT FINANCE LTD.', 'Mumbai'),
('F2', 'PNB', 'Mumbai'),
('F3', 'BAFL', 'New Delhi'),
('F4', 'UBI', 'Vadodara'),
('F5', 'KMPL', 'Lucknow'),
('F6', 'HDFC', 'Mumbai'),
('F7', 'BOB', 'Surat'),
('F8', 'CITY BANK', 'Mumbai'),
('F9', 'CANARA BANK', 'Chennai');

-- --------------------------------------------------------

--
-- Table structure for table `loan`
--

DROP TABLE IF EXISTS `loan`;
CREATE TABLE IF NOT EXISTS `loan` (
  `f_id` varchar(3) NOT NULL,
  `loan_id` varchar(3) NOT NULL,
  `v_id` varchar(11) DEFAULT NULL,
  `loan_ammount` int(6) DEFAULT NULL,
  `due_ammount` int(6) DEFAULT NULL,
  PRIMARY KEY (`f_id`,`loan_id`),
  UNIQUE KEY `v_id` (`v_id`)
) ENGINE=InnoDB DEFAULT CHARSET=utf8;

--
-- Dumping data for table `loan`
--

INSERT INTO `loan` (`f_id`, `loan_id`, `v_id`, `loan_ammount`, `due_ammount`) VALUES
('F1', 'L1', 'AP02CA6167', 584903, 135459),
('F1', 'L10', 'RJ02TB2223', 788510, 123677),
('F1', 'L11', 'RJ02TB2647', 742739, 40288),
('F1', 'L12', 'RJ02TB2655', 868069, 0),
('F1', 'L13', 'RJ02TB3177', 999815, 101662),
('F1', 'L14', 'RJ02TB5071', 590185, 99887),
('F1', 'L2', 'AP02CA6894', 933206, 33021),
('F1', 'L3', 'RJ02CC0667', 622235, 15450),
('F1', 'L4', 'RJ02CC5216', 674456, 63073),
('F1', 'L5', 'RJ02CC7346', 980748, 31760),
('F1', 'L6', 'RJ02CD0801', 974997, 105904),
('F1', 'L7', 'RJ02CK0514', 900396, 130185),
('F1', 'L8', 'RJ02TA8177', 789841, 193710),
('F1', 'L9', 'RJ02TB1483', 801269, 144860),
('F10', 'L1', 'KL58U7711', 531714, 199468),
('F10', 'L10', 'MH02EH1777', 941621, 20166),
('F10', 'L2', 'KL58V1790', 801799, 171942),
('F10', 'L3', 'KL58W6956', 639662, 35099),
('F10', 'L4', 'KL58X7665', 661711, 170522),
('F10', 'L5', 'KL58X9439', 950699, 197075),
('F10', 'L6', 'KL58X9460', 983233, 143358),
('F10', 'L7', 'MH02EH1637', 951708, 95321),
('F10', 'L8', 'MH02EH1682', 758974, 167497),
('F10', 'L9', 'MH02EH1693', 927060, 161824),
('F11', 'L1', 'MH02EH2017', 507151, 16487),
('F11', 'L10', 'UP65AT9458', 697374, 149591),
('F11', 'L2', 'MH02EH2681', 648265, 43680),
('F11', 'L3', 'MH02EH2935', 630850, 147152),
('F11', 'L4', 'MH02EH2938', 809041, 114021),
('F11', 'L5', 'MH02EH3666', 905778, 102635),
('F11', 'L6', 'MH02EH4580', 738784, 35020),
('F11', 'L7', 'UP65AT9226', 869201, 90504),
('F11', 'L8', 'UP65AT9274', 755049, 196558),
('F11', 'L9', 'UP65AT9401', 577155, 185383),
('F12', 'L1', 'UP65AT9633', 581569, 65143),
('F12', 'L10', 'UP65AU1439', 725999, 58911),
('F12', 'L2', 'UP65AT9649', 904523, 40871),
('F12', 'L3', 'UP65AT9652', 691227, 42669),
('F12', 'L4', 'UP65AT9776', 769573, 183894),
('F12', 'L5', 'UP65AT9854', 769199, 107507),
('F12', 'L6', 'UP65AT9904', 941217, 28852),
('F12', 'L7', 'UP65AT9941', 959243, 157222),
('F12', 'L8', 'UP65AT9972', 855088, 132503),
('F12', 'L9', 'UP65AU1069', 988936, 121385),
('F13', 'L1', 'UP65AU1579', 596039, 165718),
('F13', 'L10', 'UP78AV1351', 622024, 170658),
('F13', 'L2', 'UP65AU3536', 582962, 94810),
('F13', 'L3', 'UP65AU3676', 514690, 129874),
('F13', 'L4', 'UP65AU5530', 688965, 109849),
('F13', 'L5', 'UP78AU6797', 633144, 184953),
('F13', 'L6', 'UP78AU8097', 819677, 194511),
('F13', 'L7', 'UP78AU8302', 758605, 97085),
('F13', 'L8', 'UP78AU9999', 825381, 169239),
('F13', 'L9', 'UP78AV0018', 956245, 117918),
('F14', 'L1', 'UP78AV4808', 548366, 73774),
('F14', 'L10', 'UP32AX0054', 827183, 190064),
('F14', 'L11', 'UP32AX2828', 720884, 107996),
('F14', 'L12', 'UP32AX2938', 758927, 173290),
('F14', 'L13', 'UP32AX2939', 528051, 65370),
('F14', 'L14', 'UP32AX2941', 503193, 199998),
('F14', 'L15', 'UP32AX2987', 800391, 80752),
('F14', 'L2', 'UP78AV5287', 836860, 18413),
('F14', 'L3', 'UP78AV5822', 890283, 40561),
('F14', 'L4', 'UP78AV6813', 615881, 173516),
('F14', 'L5', 'UP78AW0943', 877147, 134544),
('F14', 'L6', 'UP32AW6127', 811228, 181231),
('F14', 'L7', 'UP32AW3252', 870775, 49083),
('F14', 'L8', 'UP32AW9824', 641805, 104110),
('F14', 'L9', 'UP32AX0030', 778279, 69025),
('F15', 'L1', 'UP32AX3083', 839676, 24271),
('F15', 'L10', 'JK12AY1001', 710972, 192272),
('F15', 'L11', 'UP62AY1380', 670215, 99661),
('F15', 'L12', 'UP62AY4563', 889849, 42418),
('F15', 'L13', 'UP62AY4799', 527077, 6017),
('F15', 'L14', 'UP62AY5481', 764841, 26546),
('F15', 'L15', 'UP62AY6172', 885594, 179869),
('F15', 'L2', 'JK12AX3364', 946911, 81668),
('F15', 'L3', 'JK12AX7440', 783974, 91022),
('F15', 'L4', 'JK12AX7806', 804889, 47627),
('F15', 'L5', 'JK12AX9132', 519655, 162060),
('F15', 'L6', 'JK12AX9141', 651854, 39336),
('F15', 'L7', 'JK12AX9585', 672439, 138019),
('F15', 'L8', 'JK12AX9739', 771372, 19606),
('F15', 'L9', 'JK12AY0494', 689315, 163799),
('F2', 'L1', 'RJ02TB7209', 564830, 103749),
('F2', 'L10', 'GA02TE1767', 809977, 13059),
('F2', 'L11', 'GA02TE1768', 649423, 17408),
('F2', 'L12', 'GA02TE5117', 519934, 58164),
('F2', 'L13', 'GA02TE5738', 910786, 50770),
('F2', 'L14', 'GA02TE5922', 541715, 191791),
('F2', 'L15', 'GA02TF1747', 758180, 151098),
('F2', 'L2', 'RJ02TB7668', 908843, 26990),
('F2', 'L3', 'RJ02TB7722', 923157, 46280),
('F2', 'L4', 'GA02TC2295', 728469, 187783),
('F2', 'L5', 'GA02TC4022', 797439, 60244),
('F2', 'L6', 'GA02TC4512', 880124, 153124),
('F2', 'L7', 'GA02TC6887', 706349, 140839),
('F2', 'L8', 'GA02TD0317', 827362, 187921),
('F2', 'L9', 'GA02TE0477', 524335, 190572),
('F3', 'L1', 'GA02TH0273', 511349, 79325),
('F3', 'L10', 'GA02THQ389', 833184, 116589),
('F3', 'L11', 'GA02TJ1011', 865736, 12748),
('F3', 'L12', 'GA02W1897', 523862, 88699),
('F3', 'L13', 'GA02W6606', 531187, 24927),
('F3', 'L14', 'GA02X7634', 990359, 98168),
('F3', 'L15', 'GA02X8249', 524661, 122881),
('F3', 'L2', 'GA02TH0354', 736076, 100649),
('F3', 'L3', 'GA02TH0355', 782714, 42671),
('F3', 'L4', 'GA02TH0393', 928720, 94014),
('F3', 'L5', 'GA02TH1456', 684031, 51001),
('F3', 'L6', 'GA02TH1557', 773651, 181774),
('F3', 'L7', 'GA02TH2006', 995741, 20408),
('F3', 'L8', 'GA02TH3606', 943315, 60803),
('F3', 'L9', 'GA02TH4464', 946429, 44669),
('F4', 'L1', 'GA02X8586', 658388, 108492),
('F4', 'L10', 'BR07PC2540', 721209, 62561),
('F4', 'L11', 'BR07S6231', 552664, 10897),
('F4', 'L12', 'BR07U1254', 629010, 112159),
('F4', 'L13', 'BR07U3287', 616940, 12367),
('F4', 'L14', 'BR07U6236', 903994, 180801),
('F4', 'L15', 'BR07U7055', 971156, 27510),
('F4', 'L2', 'GA02X9161', 968590, 64785),
('F4', 'L3', 'GA03AH9605', 882201, 19218),
('F4', 'L4', 'GA03AQ9493', 932399, 160176),
('F4', 'L5', 'GA03AR6227', 775931, 157549),
('F4', 'L6', 'BR07PB5194', 996729, 127192),
('F4', 'L7', 'BR07PB5206', 938432, 49313),
('F4', 'L8', 'BR07PB5469', 792599, 33830),
('F4', 'L9', 'BR07PB6861', 595627, 41989),
('F5', 'L1', 'BR07U8533', 659971, 9642),
('F5', 'L10', 'CG10AR9673', 980630, 38490),
('F5', 'L11', 'DL1CR7977', 886856, 44354),
('F5', 'L12', 'DL1CR9574', 619132, 33740),
('F5', 'L13', 'DL1CS1801', 852072, 189619),
('F5', 'L14', 'DL1CS2934', 580117, 129301),
('F5', 'L15', 'DL1CS5853', 989071, 103849),
('F5', 'L2', 'BR07V7002', 749683, 55663),
('F5', 'L3', 'BR07W2601', 843595, 96415),
('F5', 'L4', 'BR07W6', 591401, 121722),
('F5', 'L5', 'CG10AR2524', 886629, 194564),
('F5', 'L6', 'CG10AR2902', 504903, 26126),
('F5', 'L7', 'CG10AR8346', 906921, 116551),
('F5', 'L8', 'CG10AR9233', 918012, 125685),
('F5', 'L9', 'CG10AR9594', 853872, 71938),
('F6', 'L1', 'DL1CS5957', 963082, 174439),
('F6', 'L10', 'DL1CT3976', 866133, 17680),
('F6', 'L11', 'GJ01DY9992', 727592, 35777),
('F6', 'L12', 'GJ01DZ0136', 726580, 112209),
('F6', 'L13', 'GJ01DZ0198', 795190, 52144),
('F6', 'L14', 'GJ01DZ0312', 983796, 1568),
('F6', 'L2', 'DL1CS7475', 902400, 139874),
('F6', 'L3', 'DL1CS9993', 994491, 155573),
('F6', 'L4', 'DL1CT1215', 896553, 157534),
('F6', 'L5', 'DL1CT1258', 891939, 108370),
('F6', 'L6', 'DL1CT2806', 708865, 184410),
('F6', 'L7', 'DL1CT3055', 966493, 44737),
('F6', 'L8', 'DL1CT3230', 521014, 84228),
('F6', 'L9', 'DL1CT3689', 606483, 168610),
('F7', 'L1', 'GJ01DZ0334', 503071, 61472),
('F7', 'L10', 'HP10B9177', 884446, 152249),
('F7', 'L11', 'HP10B9577', 803451, 10963),
('F7', 'L12', 'HP115558', 896999, 138324),
('F7', 'L13', 'HP115634', 947398, 119723),
('F7', 'L14', 'HP11A0808', 537253, 58401),
('F7', 'L15', 'HP11A2138', 740967, 93025),
('F7', 'L2', 'GJ01DZ0514', 538922, 43506),
('F7', 'L3', 'GJ01DZ0760', 524955, 53841),
('F7', 'L4', 'GJ01DZ0819', 746093, 88144),
('F7', 'L5', 'GJ01DZ1006', 773729, 0),
('F7', 'L6', 'GJ01DZ1105', 962492, 39008),
('F7', 'L7', 'GJ01DZ1238', 559817, 105969),
('F7', 'L8', 'GJ01DZ156', 925452, 153545),
('F7', 'L9', 'HP10B8881', 745319, 175916),
('F8', '', 'JH01AET7921', 865079, 43692),
('F8', 'L1', 'HP11A2820', 758224, 111895),
('F8', 'L10', 'HR05AK2935', 581225, 177945),
('F8', 'L11', 'HR05AL1710', 777100, 14093),
('F8', 'L12', 'HR05AM1363', 754071, 119936),
('F8', 'L13', 'JH01AE7744', 570522, 50517),
('F8', 'L14', 'JH01AE9035', 979709, 187031),
('F8', 'L2', 'HP11A3553', 861851, 155726),
('F8', 'L3', 'HP11A3619', 891459, 51154),
('F8', 'L4', 'HP11A4293', 843035, 115388),
('F8', 'L5', 'HP11A6047', 572011, 154265),
('F8', 'L6', 'HP11A6837', 813880, 77493),
('F8', 'L7', 'HR05AH0823', 719440, 101302),
('F8', 'L8', 'HR05AH2221', 840035, 110486),
('F8', 'L9', 'HR05AH5865', 571806, 132968),
('F9', 'L1', 'JH01AF4334', 884662, 100203),
('F9', 'L10', 'KL58U4610', 690423, 142903),
('F9', 'L2', 'JH01AF4346', 922942, 131412),
('F9', 'L3', 'JH01AF5534', 500057, 135125),
('F9', 'L4', 'KA07B0153', 555042, 113873),
('F9', 'L5', 'KA07B0580', 706135, 82993),
('F9', 'L6', 'KA07M8198', 673087, 151467),
('F9', 'L7', 'KA07M9518', 903492, 10560),
('F9', 'L8', 'KL58Q8528', 531124, 34171),
('F9', 'L9', 'KL58R7300', 662580, 183513);

-- --------------------------------------------------------

--
-- Table structure for table `owner`
--

DROP TABLE IF EXISTS `owner`;
CREATE TABLE IF NOT EXISTS `owner` (
  `aadhar` varchar(12) NOT NULL,
  `name` varchar(37) DEFAULT NULL,
  `phone` varchar(10) DEFAULT NULL,
  `email` varchar(16) DEFAULT NULL,
  PRIMARY KEY (`aadhar`)
) ENGINE=InnoDB DEFAULT CHARSET=utf8;

--
-- Dumping data for table `owner`
--

INSERT INTO `owner` (`aadhar`, `name`, `phone`, `email`) VALUES
('640820366252', 'AMAN BABU', '6394650137', 'AMAN6437@xyz.com'),
('642188263925', 'ANKIT SHARMA', '6412219874', 'ANKI6474@xyz.com'),
('643556161598', 'RAJUGARI SURIA THEZAA', '6429789611', 'RAJU6411@xyz.com'),
('644924059271', 'RISHABH SAXENA', '6447359348', 'RISH6448@xyz.com'),
('646291956944', 'VIRAL NIRAJ DOSHI', '6464929085', 'VIRA6485@xyz.com'),
('647659854617', 'AYUSH KUMAR', '6482498822', 'AYUS6422@xyz.com'),
('649027752290', 'ASHI', '6500068559', 'ASHI6459@xyz.com'),
('650395649963', 'ARJUN KHARE', '6517638296', 'ARJU6596@xyz.com'),
('651763547636', 'SIDDHANT SINGH', '6535208033', 'SIDD6533@xyz.com'),
('653131445309', 'AAYUSH KUMAR SHRIVASTAVA', '6552777770', 'AAYU6570@xyz.com'),
('654499342982', 'ABHINEET PANDEY', '6570347507', 'ABHI6507@xyz.com'),
('655867240655', 'ANJALI ANUPAM', '6587917244', 'ANJA6544@xyz.com'),
('657235138328', 'ARNAV MAHAJAN', '6605486981', 'ARNA6581@xyz.com'),
('658603036001', 'PUNEET AWASTHI', '6623056718', 'PUNE6518@xyz.com'),
('659970933674', 'AYUSHI BHATT', '6640626455', 'AYUS6555@xyz.com'),
('661338831347', 'ASHISH KUMAR', '6658196192', 'ASHI6692@xyz.com'),
('662706729020', 'ATHARVA JAYANT PANDE', '6675765929', 'ATHA6629@xyz.com'),
('664074626693', 'PRIYANSHU SINGH', '6693335666', 'PRIY6666@xyz.com'),
('665442524366', 'RISHABH NEGI', '6710905403', 'RISH6603@xyz.com'),
('666810422039', 'TAARA SINH AATREY', '6728475140', 'TAAR6640@xyz.com'),
('668178319712', 'ASHWIN KUMAR', '6746044877', 'ASHW6677@xyz.com'),
('669546217385', 'BHAVY', '6763614614', 'BHAV6614@xyz.com'),
('670914115058', 'DIVYA VASHISHTHA', '6781184351', 'DIVY6751@xyz.com'),
('672282012731', 'GAURAV VERMA', '6798754088', 'GAUR6788@xyz.com'),
('673649910404', 'SHRESTHA PRATAP SINGH', '6816323825', 'SHRE6725@xyz.com'),
('676385705750', 'UJJAWAL KUMAR', '6833893562', 'UJJA6762@xyz.com'),
('677753603423', 'BACHUTE SARVESH VIKAS', '6851463299', 'BACH6799@xyz.com'),
('679121501096', 'DIVYANSH NIRMAN', '6869033036', 'DIVY6736@xyz.com'),
('680489398769', 'SHIVAM GUPTA', '6886602773', 'SHIV6873@xyz.com'),
('681857296442', 'AARTI KUMARI', '6904172510', 'AART6810@xyz.com'),
('683225194115', 'ABHISHEK DUBEY', '6921742247', 'ABHI6847@xyz.com'),
('684593091788', 'ABHISHEK KUMAR SINGH', '6939311984', 'ABHI6884@xyz.com'),
('685960989461', 'ANAND KUMAR', '6956881721', 'ANAN6821@xyz.com'),
('687328887134', 'GARVIT GUPTA', '6974451458', 'GARV6858@xyz.com'),
('688696784807', 'KRISHNA AGRAWAL', '6992021195', 'KRIS6895@xyz.com'),
('690064682480', 'RAMBABU PATIDAR', '7009590932', 'RAMB6932@xyz.com'),
('691432580153', 'ROHIT SINGH', '7027160669', 'ROHI6969@xyz.com'),
('692800477826', 'SNEHA HARA', '7044730406', 'SNEH6906@xyz.com'),
('694168375499', 'ANIMESH KUMAR', '7062300143', 'ANIM6943@xyz.com'),
('695536273172', 'ASHESH DUBEY', '7079869880', 'ASHE6980@xyz.com'),
('696904170845', 'PRIYANK GUPTA', '7097439617', 'PRIY6917@xyz.com'),
('698272068518', 'REPALA NAGARAJU', '7115009354', 'REPA6954@xyz.com'),
('699639966191', 'SYED MOHAMMAD AATIF FRAZ', '7132579091', 'SYED6991@xyz.com'),
('701007863864', 'VAIBHAV GUPTA', '7150148828', 'VAIB7028@xyz.com'),
('702375761537', 'VIVEK YADAV', '7167718565', 'VIVE7065@xyz.com'),
('703743659210', 'YASH PATEL', '7185288302', 'YASH7002@xyz.com'),
('705111556883', 'YASH RAJ KESARWANI', '7202858039', 'YASH7039@xyz.com'),
('706479454556', 'KUMAR ARYAN', '7220427776', 'KUMA7076@xyz.com'),
('707847352229', 'MANI SHANKAR', '7237997513', 'MANI7013@xyz.com'),
('709215249902', 'SRIKAKULAPU V S S E S VAIBHAVA ADITYA', '7255567250', 'SRIK7050@xyz.com'),
('710583147575', 'ABHIJEET SINGH', '7273136987', 'ABHI7187@xyz.com'),
('711951045248', 'ADITYA VATS', '7290706724', 'ADIT7124@xyz.com'),
('713318942921', 'ANJALI KUMARI', '7308276461', 'ANJA7161@xyz.com'),
('714686840594', 'ANKIT PASWAN', '7325846198', 'ANKI7198@xyz.com'),
('716054738267', 'BURE RUSHIKESH KISHOR', '7343415935', 'BURE7135@xyz.com'),
('718790533613', 'GARGI CHAURASIA', '7360985672', 'GARG7172@xyz.com'),
('720158431286', 'HARSH SHARMA', '7378555409', 'HARS7209@xyz.com'),
('721526328959', 'KANISHKA VIJAYVARGIYA', '7396125146', 'KANI7246@xyz.com'),
('722894226632', 'PRASHANT CHANDRA', '7413694883', 'PRAS7283@xyz.com'),
('724262124305', 'TANISHA PANDEY', '7431264620', 'TANI7220@xyz.com'),
('725630021978', 'ABHISHEK SINGHAL GUPTA', '7448834357', 'ABHI7257@xyz.com'),
('726997919651', 'AKSHAT NAMA', '7466404094', 'AKSH7294@xyz.com'),
('728365817324', 'ANSH NAHAR', '7483973831', 'ANSH7231@xyz.com'),
('729733714997', 'MANAN JETHWANI', '7501543568', 'MANA7268@xyz.com'),
('731101612670', 'PARV YADAV', '7519113305', 'PARV7305@xyz.com'),
('732469510343', 'PIYUSH JAIN', '7536683042', 'PIYU7342@xyz.com'),
('733837408016', 'PRIYANSHU DE', '7554252779', 'PRIY7379@xyz.com'),
('735205305689', 'RISHABH DEVBANSHI', '7571822516', 'RISH7316@xyz.com'),
('736573203362', 'SOMYA PRAJAPATI', '7589392253', 'SOMY7353@xyz.com'),
('737941101035', 'AJMERA RAJ KUMAR', '7606961990', 'AJME7390@xyz.com'),
('739308998708', 'GADDE NAVANEETH KUMAR', '7624531727', 'GADD7327@xyz.com'),
('740676896381', 'GAURANG VERMA', '7642101464', 'GAUR7464@xyz.com'),
('742044794054', 'GYAYAK JAIN', '7659671201', 'GYAY7401@xyz.com'),
('743412691727', 'JALAJ JAIN', '7677240938', 'JALA7438@xyz.com'),
('744780589400', 'KARTIK SINGH CHUPHAL', '7694810675', 'KART7475@xyz.com'),
('746148487073', 'KUNAL', '7712380412', 'KUNA7412@xyz.com'),
('747516384746', 'NAMAN JAIN', '7729950149', 'NAMA7449@xyz.com'),
('748884282419', 'NAMESH DWIVEDI', '7747519886', 'NAME7486@xyz.com'),
('750252180092', 'PIYUSH GOYAL', '7765089623', 'PIYU7523@xyz.com'),
('751620077765', 'SAKSHI RAMWANI', '7782659360', 'SAKS7560@xyz.com'),
('754355873111', 'TUSHAR GUPTA', '7800229097', 'TUSH7597@xyz.com'),
('755723770784', 'ALUVALA. RAKESH', '7817798834', 'ALUV7534@xyz.com'),
('757091668457', 'ANKUR PANWAR', '7835368571', 'ANKU7571@xyz.com'),
('758459566130', 'HARSHIT SHRI SHRI MAL', '7852938308', 'HARS7508@xyz.com'),
('759827463803', 'HARSHIT SRIVASTAVA', '7870508045', 'HARS7545@xyz.com'),
('761195361476', 'KARANJEKAR VISHAL SAHADEV', '7888077782', 'KARA7682@xyz.com'),
('762563259149', 'MANHAR GUPTA', '7905647519', 'MANH7619@xyz.com'),
('763931156822', 'OMPRAKASH KUMAR', '7923217256', 'OMPR7656@xyz.com'),
('765299054495', 'RISHABH RAJ', '7940786993', 'RISH7693@xyz.com'),
('766666952168', 'SATYAM GUPTA', '7958356730', 'SATY7630@xyz.com'),
('768034849841', 'SAJAL JAIN', '7975926467', 'SAJA7667@xyz.com'),
('769402747514', 'ADITYA KUMAR', '7993496204', 'ADIT7604@xyz.com'),
('770770645187', 'AKASH GUPTA', '8011065941', 'AKAS7741@xyz.com'),
('772138542860', 'BHARGAV JAYESH GOHIL', '8028635678', 'BHAR7778@xyz.com'),
('773506440533', 'HARSHALGADHE', '8046205415', 'HARS7715@xyz.com'),
('774874338206', 'KRAPA SAI AJAY KUMAR SAKETH', '8063775152', 'KRAP7752@xyz.com'),
('776242235879', 'POTIREDDY LIKHITA REDDY', '8081344889', 'POTI7789@xyz.com'),
('777610133552', 'PRASHANT KUMAR', '8098914626', 'PRAS7726@xyz.com'),
('778978031225', 'SAGAR KARMAKAR', '8116484363', 'SAGA7763@xyz.com'),
('780345928898', 'SAJAN VISHWAKARMA', '8134054100', 'SAJA7800@xyz.com'),
('781713826571', 'SHUBHANG MISHRA', '8151623837', 'SHUB7837@xyz.com'),
('783081724244', 'SUPRATIM SAHOO', '8169193574', 'SUPR7874@xyz.com'),
('784449621917', 'UTKARSH SAHAYA', '8186763311', 'UTKA7811@xyz.com'),
('785817519590', 'AASHI MAHAJAN', '8204333048', 'AASH7848@xyz.com'),
('787185417263', 'AAYUSH', '8221902785', 'AAYU7885@xyz.com'),
('789921212609', 'ADARSH BARANWAL', '8239472522', 'ADAR7822@xyz.com'),
('791289110282', 'ANK SONI', '8257042259', 'ANK 7959@xyz.com'),
('792657007955', 'ANMOL', '8274611996', 'ANMO7996@xyz.com'),
('794024905628', 'ANSH NARULA', '8292181733', 'ANSH7933@xyz.com'),
('795392803301', 'ANURAG VIJ', '8309751470', 'ANUR7970@xyz.com'),
('796760700974', 'AYUSH DUBEY', '8327321207', 'AYUS7907@xyz.com'),
('798128598647', 'DIVYASH KUMAR', '8344890944', 'DIVY7944@xyz.com'),
('799496496320', 'MOHIT AGRAWAL', '8362460681', 'MOHI7981@xyz.com'),
('800864393993', 'NAMAN BOHRA', '8380030418', 'NAMA8018@xyz.com'),
('802232291666', 'OM PRAKASH SINDAL', '8397600155', 'OM P8055@xyz.com'),
('803600189339', 'PRAJJWAL SINHA', '8415169892', 'PRAJ8092@xyz.com'),
('804968087012', 'PRATIK TIWARI', '8432739629', 'PRAT8029@xyz.com'),
('806335984685', 'RISHAB B PATTANSHETTY', '8450309366', 'RISH8066@xyz.com'),
('807703882358', 'AKSHAT DWIVEDI', '8467879103', 'AKSH8003@xyz.com'),
('809071780031', 'ANSHUL KUMAR', '8485448840', 'ANSH8040@xyz.com'),
('810439677704', 'CHETAN PAWAR', '8503018577', 'CHET8177@xyz.com'),
('811807575377', 'CHIRAG SHARMA', '8520588314', 'CHIR8114@xyz.com'),
('813175473050', 'GANESH KALYANKAR', '8538158051', 'GANE8151@xyz.com'),
('814543370723', 'JADHAV UTKARSH DNYANESHWAR', '8555727788', 'JADH8188@xyz.com'),
('815911268396', 'PALAK SAHU', '8573297525', 'PALA8125@xyz.com'),
('817279166069', 'RITESH PANDEY', '8590867262', 'RITE8162@xyz.com'),
('818647063742', 'SHIVAM SOURAV JHA', '8608436999', 'SHIV8199@xyz.com'),
('820014961415', 'SIDDHARTH RAMA SUSHIL', '8626006736', 'SIDD8236@xyz.com'),
('821382859088', 'SUMIT KUMAR', '8643576473', 'SUMI8273@xyz.com'),
('822750756761', 'TANMAY DILIP CHOPADE', '8661146210', 'TANM8210@xyz.com'),
('824118654434', 'TARUN KUMAR SURYAVANSHI', '8678715947', 'TARU8247@xyz.com'),
('825486552107', 'VEERISETTY SUBRAMANYAM', '8696285684', 'VEER8284@xyz.com'),
('826854449780', 'AJEET KUMAR JAISWAL', '8713855421', 'AJEE8221@xyz.com'),
('828222347453', 'AKHILESH DIGAMBAR KAPSE', '8731425158', 'AKHI8258@xyz.com'),
('829590245126', 'ALLAM NIKHIL SAI', '8748994895', 'ALLA8295@xyz.com'),
('830958142799', 'ARYAN RAJ', '8766564632', 'ARYA8332@xyz.com'),
('832326040472', 'AZMEERA PRAVEEN', '8784134369', 'AZME8369@xyz.com'),
('833693938145', 'BOMMANA BOINA ABHIGNYA', '8801704106', 'BOMM8306@xyz.com'),
('835061835818', 'EKOM SINGH BAGGA', '8819273843', 'EKOM8343@xyz.com'),
('836429733491', 'GURRAM ANKA RAO', '8836843580', 'GURR8380@xyz.com'),
('837797631164', 'MOPIDEVI GNANA SUNDAR', '8854413317', 'MOPI8317@xyz.com'),
('839165528837', 'NIKHIL RATHOR', '8871983054', 'NIKH8354@xyz.com'),
('840533426510', 'PALEKAR SAKSHI NAMDEV', '8889552791', 'PALE8491@xyz.com'),
('841901324183', 'PRIYANSH NAMA', '8907122528', 'PRIY8428@xyz.com'),
('843269221856', 'SAJAL GUPTA', '8924692265', 'SAJA8465@xyz.com'),
('844637119529', 'SAMARLA DHANUSH', '8942262002', 'SAMA8402@xyz.com'),
('846005017202', 'SRISHTI SINGH', '8959831739', 'SRIS8439@xyz.com'),
('847372914875', 'TANAY CHATURVEDI', '8977401476', 'TANA8476@xyz.com'),
('848740812548', 'NISHANT CHOUDHARY', '8994971213', 'NISH8413@xyz.com'),
('850108710221', 'ANKIT AMRITESH', '9012540950', 'ANKI8550@xyz.com'),
('851476607894', 'ARTH BHAVIN PATEL', '9030110687', 'ARTH8587@xyz.com'),
('852844505567', 'ATUL KUMAR', '9047680424', 'ATUL8524@xyz.com'),
('854212403240', 'GONDU APARNA', '9065250161', 'GOND8561@xyz.com'),
('855580300913', 'JAYANTI KAMESH', '9082819898', 'JAYA8598@xyz.com'),
('856948198586', 'PRAGATI PATEL', '9100389635', 'PRAG8535@xyz.com'),
('858316096259', 'PRATIK SATISH KALASKAR', '9117959372', 'PRAT8572@xyz.com'),
('861051891605', 'SASANE PAVAN SHIVANAND', '9135529109', 'SASA8609@xyz.com'),
('862419789278', 'SUBODH SIDDHARTH', '9153098846', 'SUBO8646@xyz.com'),
('863787686951', 'YATINDRA NAGAR', '9170668583', 'YATI8683@xyz.com'),
('865155584624', 'ABHINAV GARG', '9188238320', 'ABHI8620@xyz.com'),
('866523482297', 'AMAN PANDEY', '9205808057', 'AMAN8657@xyz.com'),
('867891379970', 'ARYAN SAINI', '9223377794', 'ARYA8694@xyz.com'),
('869259277643', 'DIVYANSH GUPTA', '9240947531', 'DIVY8631@xyz.com'),
('870627175316', 'KSHITIJ SANWAL', '9258517268', 'KSHI8768@xyz.com'),
('871995072989', 'KUMAR SATYAM', '9276087005', 'KUMA8705@xyz.com'),
('873362970662', 'KUSHAGRA VIJAYVERGIYA', '9293656742', 'KUSH8742@xyz.com'),
('874730868335', 'MURARISHETTY SANTHOSH CHARAN', '9311226479', 'MURA8779@xyz.com'),
('876098766008', 'NARESH SINGH', '9328796216', 'NARE8716@xyz.com'),
('877466663681', 'PRANJAL GUPTA', '9346365953', 'PRAN8753@xyz.com'),
('878834561354', 'PRASHANT RAJ', '9363935690', 'PRAS8790@xyz.com'),
('880202459027', 'RAHUL KUMAR', '9381505427', 'RAHU8827@xyz.com'),
('881570356700', 'SACHIN GANGWAR', '9399075164', 'SACH8864@xyz.com'),
('882938254373', 'SAGUN SINGH', '9416644901', 'SAGU8801@xyz.com'),
('884306152046', 'SAI SUDHEER VARMA KAKARLAPUDI', '9434214638', 'SAI 8838@xyz.com'),
('885674049719', 'SAI VENKAT YESHWANTH KUMAR SALPALA', '9451784375', 'SAI 8875@xyz.com'),
('887041947392', 'SHIVANI VERMA', '9469354112', 'SHIV8812@xyz.com'),
('888409845065', 'VIKAS SINGH BULDAK', '9486923849', 'VIKA8849@xyz.com'),
('889777742738', 'ANUBHAV MISHRA', '9504493586', 'ANUB8886@xyz.com'),
('891145640411', 'ABHISHEK YADAV', '9522063323', 'ABHI8923@xyz.com'),
('892513538084', 'ADITYA SONKAR', '9539633060', 'ADIT8960@xyz.com'),
('893881435757', 'AMAN SINGH', '9557202797', 'AMAN8997@xyz.com'),
('896617231103', 'ANIKET TRIPATHI', '9574772534', 'ANIK8934@xyz.com'),
('897985128776', 'GAGANDEEP KAUR', '9592342271', 'GAGA8971@xyz.com'),
('899353026449', 'GEETIK NIMONKAR', '9609912008', 'GEET8908@xyz.com'),
('900720924122', 'JITENDRA KUMAR', '9627481745', 'JITE9045@xyz.com'),
('902088821795', 'KULDEEP SINGH GAHLOT', '9645051482', 'KULD9082@xyz.com'),
('903456719468', 'LOKHIL SAHILBHAI BHARATBHAI', '9662621219', 'LOKH9019@xyz.com'),
('904824617141', 'THANDRA TARUN TEJA', '9680190956', 'THAN9056@xyz.com'),
('906192514814', 'ABHISHEK KUMAR', '9697760693', 'ABHI9093@xyz.com'),
('907560412487', 'ALI ABDUL RAHMAN', '9715330430', 'ALI 9030@xyz.com'),
('908928310160', 'AMAN KUMAR', '9732900167', 'AMAN9067@xyz.com'),
('910296207833', 'ANKIT RAVISHANKAR PRASAD', '9750469904', 'ANKI9104@xyz.com'),
('911664105506', 'ANURAG SINGH', '9768039641', 'ANUR9141@xyz.com'),
('913032003179', 'ATIF ZAMAN', '9785609378', 'ATIF9178@xyz.com'),
('914399900852', 'BATUL BOHRA', '9803179115', 'BATU9115@xyz.com'),
('915767798525', 'BHUKYA GOWTHAMI', '9855888326', 'BHUK9126@xyz.com'),
('917135696198', 'BHUMA VENKATA REVANTH', '9873458063', 'BHUM9163@xyz.com'),
('918503593871', 'DHEERAJ KUMAR', '9891027800', 'DHEE9100@xyz.com'),
('919871491544', 'HIMANSHU SINGH', '9908597537', 'HIMA9137@xyz.com');

-- --------------------------------------------------------

--
-- Table structure for table `seized`
--

DROP TABLE IF EXISTS `seized`;
CREATE TABLE IF NOT EXISTS `seized` (
  `v_id` varchar(11) NOT NULL,
  `email` varchar(16) NOT NULL,
  `date` date NOT NULL,
  PRIMARY KEY (`v_id`) USING BTREE
) ENGINE=InnoDB DEFAULT CHARSET=latin1;

--
-- Dumping data for table `seized`
--

INSERT INTO `seized` (`v_id`, `email`, `date`) VALUES
('AP02CA6167', 'Tayl1@vfin.com', '2020-12-13'),
('GA02TH0354', 'Jere11@vfin.com', '2020-12-14'),
('KL58V1790', 'Jere11@vfin.com', '2020-12-14'),
('MH02EH1693', 'Giov4@vfin.com', '2020-12-14'),
('RJ02CD0801', 'Adan85@vfin.com', '2020-12-11'),
('RJ02TB3177', 'Tayl1@vfin.com', '2020-12-14');

-- --------------------------------------------------------

--
-- Table structure for table `user`
--

DROP TABLE IF EXISTS `user`;
CREATE TABLE IF NOT EXISTS `user` (
  `uid` int(3) NOT NULL,
  `name` varchar(11) DEFAULT NULL,
  `gender` varchar(6) DEFAULT NULL,
  `dob` varchar(10) DEFAULT NULL,
  `phone` varchar(10) DEFAULT NULL,
  `email` varchar(16) NOT NULL,
  `city` varchar(27) DEFAULT NULL,
  `password` varchar(7) DEFAULT NULL,
  PRIMARY KEY (`email`)
) ENGINE=InnoDB DEFAULT CHARSET=utf8;

--
-- Dumping data for table `user`
--

INSERT INTO `user` (`uid`, `name`, `gender`, `dob`, `phone`, `email`, `city`, `password`) VALUES
(28, 'Aaron', 'male', '1963-03-03', '6869032384', 'Aaro28@vfin.com', 'Thiruvananthapuram', 'Aaro28'),
(119, 'Abram', 'female', '1975-01-16', '8467876267', 'Abra119@vfin.com', 'Cuddalore', 'Abra119'),
(59, 'Abraham', 'female', '1987-11-28', '7413693487', 'Abra59@vfin.com', 'Chennai', 'Abra59'),
(85, 'Adan', 'female', '1987-02-10', '7870506025', 'Adan85@vfin.com', 'Raigarh', 'Adan85'),
(25, 'Aden', 'male', '2000-08-18', '6816323245', 'Aden25@vfin.com', 'Saran', 'Aden25'),
(51, 'Adrien', 'female', '1978-09-24', '7273135783', 'Adri51@vfin.com', 'Rangareddy', 'Adri51'),
(135, 'Ahmad', 'female', '1971-04-05', '8748991675', 'Ahma135@vfin.com', 'Ambedkar Nagar', 'Ahma135'),
(87, 'Alan', 'female', '1974-11-10', '7905645451', 'Alan87@vfin.com', 'Guntur', 'Alan87'),
(165, 'Albert', 'male', '1972-09-17', '9276083065', 'Albe165@vfin.com', 'Gopalganj', 'Albe165'),
(22, 'Alberto', 'female', '1960-09-11', '6763614106', 'Albe22@vfin.com', 'Bhopal', 'Albe22'),
(147, 'Alec', 'female', '1973-09-30', '8959828231', 'Alec147@vfin.com', 'Surguja', 'Alec147'),
(78, 'Alexander', 'male', '1976-08-28', '7747518034', 'Alex78@vfin.com', 'Rohtas', 'Alex78'),
(161, 'Amari', 'male', '1993-02-08', '9205804213', 'Amar161@vfin.com', 'Purbi Singhbhum', 'Amar161'),
(19, 'Anderson', 'female', '1996-10-07', '6710904967', 'Ande19@vfin.com', 'Medak', 'Ande19'),
(36, 'Andy', 'female', '1983-10-18', '7009590088', 'Andy36@vfin.com', 'Puruliya', 'Andy36'),
(93, 'Antwan', 'male', '1978-09-13', '8011063729', 'Antw93@vfin.com', 'Anantapur', 'Antw93'),
(109, 'Ariel', 'female', '1965-06-05', '8292179137', 'Arie109@vfin.com', 'Siwan', 'Arie109'),
(199, 'Arturo', 'female', '2001-01-01', '9873453307', 'Artu199@vfin.com', 'Madhubani', 'Artu199'),
(162, 'Augustus', 'male', '1966-05-21', '9223373926', 'Augu162@vfin.com', 'Fatehpur', 'Augu162'),
(168, 'Austin', 'male', '1989-07-14', '9328792204', 'Aust168@vfin.com', 'Haora', 'Aust168'),
(188, 'Ayden', 'female', '1965-12-26', '9680186464', 'Ayde188@vfin.com', 'Koch Bihar', 'Ayde188'),
(17, 'Bennett', 'male', '1973-05-29', '6675765541', 'Benn17@vfin.com', 'Ernakulam', 'Benn17'),
(178, 'Bentley', 'male', '1969-10-27', '9504489334', 'Bent178@vfin.com', 'Vellore', 'Bent178'),
(41, 'Billy', 'male', '1976-05-15', '7097438653', 'Bill41@vfin.com', 'Firozabad', 'Bill41'),
(70, 'Blake', 'female', '2001-09-02', '7606960330', 'Blak70@vfin.com', 'Ganjam', 'Blak70'),
(144, 'Bradyn', 'male', '1970-10-06', '8907119092', 'Brad144@vfin.com', 'Bid', 'Brad144'),
(111, 'Braiden', 'female', '1961-07-26', '8327318563', 'Brai111@vfin.com', 'Nagaur', 'Brai111'),
(102, 'Braxton', 'male', '1978-05-10', '8169191146', 'Brax102@vfin.com', 'Cuttack', 'Brax102'),
(122, 'Braylon', 'male', '1981-12-23', '8520585406', 'Bray122@vfin.com', 'Rampur', 'Bray122'),
(167, 'Braydon', 'female', '1997-12-14', '9311222491', 'Bray167@vfin.com', 'Nizamabad', 'Bray167'),
(123, 'Brennen', 'female', '1976-09-07', '8538155119', 'Bren123@vfin.com', 'North West Delhi', 'Bren123'),
(160, 'Brice', 'male', '1974-06-02', '9188234500', 'Bric160@vfin.com', 'Satara', 'Bric160'),
(159, 'Brock', 'female', '1981-02-03', '9170664787', 'Broc159@vfin.com', 'Allahabad', 'Broc159'),
(15, 'Bruno', 'female', '1999-04-27', '6640626115', 'Brun15@vfin.com', 'Bulandshahar', 'Brun15'),
(153, 'Caiden', 'female', '1978-09-27', '9065246509', 'Caid153@vfin.com', 'Bahraich', 'Caid153'),
(196, 'Camden', 'male', '1976-10-25', '9820744168', 'Camd196@vfin.com', 'Hugli', 'Camd196'),
(164, 'Camren', 'female', '1966-04-30', '9258513352', 'Camr164@vfin.com', 'Krishna', 'Camr164'),
(130, 'Cason', 'female', '1964-03-12', '8661143110', 'Caso130@vfin.com', 'Rae Bareli', 'Caso130'),
(40, 'Cassius', 'male', '1979-09-04', '7079868940', 'Cass40@vfin.com', 'Ghaziabad', 'Cass40'),
(171, 'Cayden', 'female', '1992-01-02', '9381501343', 'Cayd171@vfin.com', 'Araria', 'Cayd171'),
(121, 'Chandler', 'male', '1967-09-01', '8503015693', 'Chan121@vfin.com', 'Vadodara', 'Chan121'),
(99, 'Chase', 'male', '1992-11-08', '8116482007', 'Chas99@vfin.com', 'Sagar', 'Chas99'),
(129, 'Clinton', 'female', '2000-04-02', '8643573397', 'Clin129@vfin.com', 'Maldah', 'Clin129'),
(107, 'Cole', 'female', '1986-12-15', '8257039711', 'Cole107@vfin.com', 'Kheda', 'Cole107'),
(157, 'Conor', 'male', '1978-07-11', '9135525361', 'Cono157@vfin.com', 'Latur', 'Cono157'),
(45, 'Corbin', 'male', '1976-08-24', '7167717505', 'Corb45@vfin.com', 'Sabarkantha', 'Corb45'),
(175, 'Cory', 'female', '1962-03-22', '9451780195', 'Cory175@vfin.com', 'Ajmer', 'Cory175'),
(163, 'Cristopher', 'female', '1967-03-23', '9240943639', 'Cris163@vfin.com', 'Prakasam', 'Cris163'),
(29, 'Cyrus', 'female', '1981-11-08', '6886602097', 'Cyru29@vfin.com', 'Kushinagar', 'Cyru29'),
(27, 'Damian', 'female', '1961-01-22', '6851462671', 'Dami27@vfin.com', 'Sitapur', 'Dami27'),
(134, 'Damon', 'male', '1977-08-07', '8731421962', 'Damo134@vfin.com', 'Chittoor', 'Damo134'),
(80, 'Darien', 'female', '1996-03-09', '7782657460', 'Dari80@vfin.com', 'Varanasi', 'Dari80'),
(12, 'Darnell', 'male', '1973-10-07', '6587916976', 'Darn12@vfin.com', 'YSR', 'Darn12'),
(151, 'Darryl', 'male', '1960-07-09', '9030107083', 'Darr151@vfin.com', 'Srikakulam', 'Darr151'),
(94, 'Darren', 'female', '1971-06-23', '8028633442', 'Darr94@vfin.com', 'Agra', 'Darr94'),
(142, 'Darwin', 'male', '1981-05-07', '8871979666', 'Darw142@vfin.com', 'Muzaffarpur', 'Darw142'),
(76, 'Dashawn', 'male', '1977-05-20', '7712378608', 'Dash76@vfin.com', 'Solapur', 'Dash76'),
(72, 'Devan', 'female', '1986-02-21', '7642099756', 'Deva72@vfin.com', 'Kollam', 'Deva72'),
(128, 'Devyn', 'female', '1965-07-27', '8626003684', 'Devy128@vfin.com', 'Tiruchirappalli', 'Devy128'),
(170, 'Dexter', 'female', '1968-09-04', '9363931630', 'Dext170@vfin.com', 'Thiruvallur', 'Dext170'),
(24, 'Diego', 'male', '1998-04-21', '6798753532', 'Dieg24@vfin.com', 'Bhagalpur', 'Dieg24'),
(126, 'Dillon', 'male', '1970-06-19', '8590864258', 'Dill126@vfin.com', 'Vizianagaram', 'Dill126'),
(58, 'Dominick', 'female', '1968-09-29', '7396123774', 'Domi58@vfin.com', 'Pratapgarh', 'Domi58'),
(112, 'Duncan', 'female', '1979-06-13', '8344888276', 'Dunc112@vfin.com', 'Darbhanga', 'Dunc112'),
(61, 'Easton', 'male', '1979-05-31', '7448832913', 'East61@vfin.com', 'Nashik', 'East61'),
(48, 'Ellis', 'female', '1995-12-29', '7220426644', 'Elli48@vfin.com', 'Bhavnagar', 'Elli48'),
(145, 'Enrique', 'male', '1985-04-10', '8924688805', 'Enri145@vfin.com', 'Mathura', 'Enri145'),
(49, 'Ernesto', 'female', '2000-06-16', '7237996357', 'Erne49@vfin.com', 'South Twenty Four Parganas', 'Erne49'),
(117, 'Ethen', 'female', '1980-11-14', '8432736841', 'Ethe117@vfin.com', 'Aurangabad', 'Ethe117'),
(14, 'Frank', 'male', '1971-07-12', '6623056402', 'Fran14@vfin.com', 'Bhopal', 'Fran14'),
(65, 'Freddy', 'female', '1961-12-08', '7519111765', 'Fred65@vfin.com', 'Amritsar', 'Fred65'),
(92, 'Frederick', 'male', '1984-03-07', '7993494016', 'Fred92@vfin.com', 'Unnao', 'Fred92'),
(100, 'Garrett', 'male', '1964-09-24', '8134051720', 'Garr100@vfin.com', 'Gonda', 'Garr100'),
(115, 'Gary', 'male', '1999-11-28', '8397597415', 'Gary115@vfin.com', 'Shahjahanpur', 'Gary115'),
(149, 'Geovanni', 'male', '1966-11-26', '8994967657', 'Geov149@vfin.com', 'Sangli', 'Geov149'),
(148, 'Gerardo', 'female', '1969-10-21', '8977397944', 'Gera148@vfin.com', 'Purba Medinipur', 'Gera148'),
(191, 'Giancarlo', 'female', '1966-09-07', '9732895603', 'Gian191@vfin.com', 'Ludhiana', 'Gian191'),
(4, 'Giovani', 'male', '1976-09-13', '6447359272', 'Giov4@vfin.com', 'Ballia', 'Giov4'),
(104, 'Glenn', 'male', '1962-04-06', '8204330572', 'Glen104@vfin.com', 'Kheri', 'Glen104'),
(33, 'Grant', 'male', '1999-08-22', '6956880949', 'Gran33@vfin.com', 'Sikar', 'Gran33'),
(56, 'Haiden', 'female', '1964-09-30', '7360984348', 'Haid56@vfin.com', 'Budaun', 'Haid56'),
(53, 'Harley', 'female', '1999-09-29', '7308275209', 'Harl53@vfin.com', 'Meerut', 'Harl53'),
(98, 'Harry', 'female', '1986-10-29', '8098912294', 'Harr98@vfin.com', 'Samastipur', 'Harr98'),
(116, 'Jadon', 'female', '1975-03-04', '8415167128', 'Jado116@vfin.com', 'Aligarh', 'Jado116'),
(34, 'Jaeden', 'female', '1962-11-03', '6974450662', 'Jaed34@vfin.com', 'Mirzapur', 'Jaed34'),
(140, 'Jakob', 'female', '1976-03-18', '8836840240', 'Jako140@vfin.com', 'Bhojpur', 'Jako140'),
(47, 'Jakobe', 'male', '1977-02-28', '7202856931', 'Jako47@vfin.com', 'Ahmadabad', 'Jako47'),
(16, 'Jamarion', 'female', '1969-08-25', '6658195828', 'Jama16@vfin.com', 'Coimbatore', 'Jama16'),
(176, 'Jamal', 'female', '1991-03-15', '9469349908', 'Jama176@vfin.com', 'Jaipur', 'Jama176'),
(181, 'Jamison', 'female', '1979-07-18', '9557198473', 'Jami181@vfin.com', 'Kurnool', 'Jami181'),
(103, 'Jasiah', 'female', '1986-11-03', '8186760859', 'Jasi103@vfin.com', 'Kolhapur', 'Jasi103'),
(46, 'Javon', 'female', '1969-05-09', '7185287218', 'Javo46@vfin.com', 'Nalanda', 'Javo46'),
(138, 'Jax', 'male', '1991-06-07', '8801700814', 'Jax138@vfin.com', 'Sitamarhi', 'Jax138'),
(150, 'Jaylen', 'male', '1995-12-17', '9012537370', 'Jayl150@vfin.com', 'Rajkot', 'Jayl150'),
(3, 'Jayvon', 'male', '1976-03-30', '6429789559', 'Jayv3@vfin.com', 'Durg', 'Jayv3'),
(86, 'Jean', 'female', '1989-01-11', '7888075738', 'Jean86@vfin.com', 'Thanjavur', 'Jean86'),
(101, 'Jeffery', 'male', '1994-09-17', '8151621433', 'Jeff101@vfin.com', 'Ghazipur', 'Jeff101'),
(106, 'Jefferson', 'female', '1961-11-05', '8239469998', 'Jeff106@vfin.com', 'Gaya', 'Jeff106'),
(11, 'Jeremiah', 'female', '1989-05-22', '6570347263', 'Jere11@vfin.com', 'Indore', 'Jere11'),
(88, 'Jeremy', 'female', '1981-04-01', '7923215164', 'Jere88@vfin.com', 'Belgaum', 'Jere88'),
(18, 'Jerry', 'female', '1979-12-08', '6693335254', 'Jerr18@vfin.com', 'Dhanbad', 'Jerr18'),
(120, 'Joey', 'male', '1986-09-05', '8485445980', 'Joey120@vfin.com', 'Nagpur', 'Joey120'),
(180, 'John', 'male', '1992-08-16', '9539628760', 'John180@vfin.com', 'Purbi Champaran', 'John180'),
(71, 'Jonah', 'female', '1964-03-15', '7624530043', 'Jona71@vfin.com', 'Moradabad', 'Jona71'),
(20, 'Jorden', 'male', '1977-03-15', '6728474680', 'Jord20@vfin.com', 'Alwar', 'Jord20'),
(189, 'Josh', 'male', '1981-08-03', '9697756177', 'Josh189@vfin.com', 'South Delhi', 'Josh189'),
(194, 'Jovanny', 'female', '1968-08-02', '9785604742', 'Jova194@vfin.com', 'Thane', 'Jova194'),
(74, 'Jovan', 'male', '2000-04-03', '7677239182', 'Jova74@vfin.com', 'Visakhapatnam', 'Jova74'),
(73, 'Judah', 'female', '1992-07-01', '7659669469', 'Juda73@vfin.com', 'Junagadh', 'Juda73'),
(197, 'Jude', 'male', '1978-06-23', '9838313881', 'Jude197@vfin.com', 'Khammam', 'Jude197'),
(172, 'Justice', 'male', '1992-12-15', '9399071056', 'Just172@vfin.com', 'Lucknow', 'Just172'),
(174, 'Kai', 'male', '1998-10-18', '9434210482', 'Kai174@vfin.com', 'Adilabad', 'Kai174'),
(43, 'Kamari', 'male', '1961-01-07', '7132578079', 'Kama43@vfin.com', 'Pashchim Champaran', 'Kama43'),
(7, 'Kayden', 'female', '2000-01-11', '6500068411', 'Kayd7@vfin.com', 'Barmer', 'Kayd7'),
(190, 'Keegan', 'male', '1983-01-18', '9715325890', 'Keeg190@vfin.com', 'Buldana', 'Keeg190'),
(54, 'Kellen', 'male', '1991-02-04', '7325844922', 'Kell54@vfin.com', 'Varanasi', 'Kell54'),
(2, 'Koen', 'male', '1991-12-19', '6412219846', 'Koen2@vfin.com', 'West Delhi', 'Koen2'),
(136, 'Kyle', 'female', '1970-04-21', '8766561388', 'Kyle136@vfin.com', 'West Godavari', 'Kyle136'),
(68, 'Kyler', 'male', '1987-05-26', '7571820904', 'Kyle68@vfin.com', 'Tiruppur', 'Kyle68'),
(125, 'Kyson', 'male', '1961-08-13', '8573294545', 'Kyso125@vfin.com', 'Nalgonda', 'Kyso125'),
(114, 'Landyn', 'female', '1994-04-21', '8380027702', 'Land114@vfin.com', 'Murshidabad', 'Land114'),
(8, 'Landin', 'male', '1985-04-18', '6517638124', 'Land8@vfin.com', 'Bhilwara', 'Land8'),
(75, 'Lee', 'male', '1983-07-27', '7694808895', 'Lee75@vfin.com', 'Mumbai City', 'Lee75'),
(105, 'Lorenzo', 'female', '1984-11-10', '8221900285', 'Lore105@vfin.com', 'Yavatmal', 'Lore105'),
(139, 'Luca', 'female', '2001-08-27', '8819270527', 'Luca139@vfin.com', 'Giridih', 'Luca139'),
(183, 'Luciano', 'male', '2000-02-15', '9592337899', 'Luci183@vfin.com', 'Bikaner', 'Luci183'),
(52, 'Madden', 'female', '1971-07-16', '7290705496', 'Madd52@vfin.com', 'Kancheepuram', 'Madd52'),
(173, 'Makai', 'female', '1961-01-05', '9416640769', 'Maka173@vfin.com', 'Mysore', 'Maka173'),
(137, 'Malachi', 'male', '1964-02-26', '8784131101', 'Mala137@vfin.com', 'Bareilly', 'Mala137'),
(186, 'Malaki', 'male', '1972-04-06', '9645047038', 'Mala186@vfin.com', 'Barddhaman', 'Mala186'),
(185, 'Manuel', 'female', '1985-05-13', '9627477325', 'Manu185@vfin.com', 'Ranchi', 'Manu185'),
(44, 'Marco', 'male', '1977-06-11', '7150147792', 'Marc44@vfin.com', 'Warangal', 'Marc44'),
(84, 'Mark', 'female', '1992-02-24', '7852936312', 'Mark84@vfin.com', 'Karimnagar', 'Mark84'),
(169, 'Marlon', 'male', '1973-04-20', '9346361917', 'Marl169@vfin.com', 'Gurdaspur', 'Marl169'),
(118, 'Marques', 'female', '2000-07-31', '8450306554', 'Marq118@vfin.com', 'Bharatpur', 'Marq118'),
(81, 'Martin', 'female', '1984-11-24', '7800227173', 'Mart81@vfin.com', 'Raipur', 'Mart81'),
(198, 'Matthew', 'female', '1973-12-31', '9855883594', 'Matt198@vfin.com', 'Bellary', 'Matt198'),
(193, 'Maximillian', 'male', '1995-06-14', '9768035029', 'Maxi193@vfin.com', 'Hardoi', 'Maxi193'),
(143, 'Mekhi', 'female', '1998-12-19', '8889549379', 'Mekh143@vfin.com', 'Mumbai Suburban', 'Mekh143'),
(57, 'Memphis', 'female', '1978-12-22', '7378554061', 'Memp57@vfin.com', 'Udaipur', 'Memp57'),
(124, 'Miguel', 'male', '1968-11-22', '8555724832', 'Migu124@vfin.com', 'Barabanki', 'Migu124'),
(13, 'Mohammed', 'female', '1965-10-14', '6605486689', 'Moha13@vfin.com', 'Tumkur', 'Moha13'),
(146, 'Morgan', 'male', '1962-03-30', '8942258518', 'Morg146@vfin.com', 'Saharanpur', 'Morg146'),
(97, 'Muhammad', 'male', '1967-04-26', '8081342581', 'Muha97@vfin.com', 'Birbhum', 'Muha97'),
(38, 'Nathen', 'female', '1979-03-10', '7044729514', 'Nath38@vfin.com', 'Baleshwar', 'Nath38'),
(90, 'Nick', 'female', '1969-10-08', '7958354590', 'Nick90@vfin.com', 'Begusarai', 'Nick90'),
(96, 'Noah', 'female', '1977-01-10', '8063772868', 'Noah96@vfin.com', 'Paschim Medinipur', 'Noah96'),
(192, 'Noel', 'male', '1962-10-22', '9750465316', 'Noel192@vfin.com', 'Pune', 'Noel192'),
(67, 'Nolan', 'female', '1967-04-28', '7554251191', 'Nola67@vfin.com', 'Malappuram', 'Nola67'),
(133, 'Octavio', 'male', '1997-10-24', '8713852249', 'Octa133@vfin.com', 'Jodhpur', 'Octa133'),
(6, 'Oswaldo', 'male', '1965-07-16', '6482498698', 'Oswa6@vfin.com', 'Jabalpur', 'Oswa6'),
(127, 'Parker', 'male', '1973-01-22', '8608433971', 'Park127@vfin.com', 'Nanded', 'Park127'),
(89, 'Paxton', 'female', '1987-02-16', '7940784877', 'Paxt89@vfin.com', 'Uttar Dinajpur', 'Paxt89'),
(5, 'Payton', 'male', '1996-06-26', '6464928985', 'Payt5@vfin.com', 'Viluppuram', 'Payt5'),
(95, 'Preston', 'male', '2001-07-11', '8046203155', 'Pres95@vfin.com', 'Kolkata', 'Pres95'),
(82, 'Prince', 'male', '1989-08-20', '7817796886', 'Prin82@vfin.com', 'Surat', 'Prin82'),
(63, 'Quinn', 'male', '1997-02-09', '7483972339', 'Quin63@vfin.com', 'Vaishali', 'Quin63'),
(91, 'Rafael', 'male', '1963-01-09', '7975924303', 'Rafa91@vfin.com', 'Bilaspur', 'Rafa91'),
(10, 'Randall', 'female', '1973-10-05', '6552777550', 'Rand10@vfin.com', 'Jalpaiguri', 'Rand10'),
(39, 'Randy', 'female', '1977-01-24', '7062299227', 'Rand39@vfin.com', 'Purnia', 'Rand39'),
(179, 'Ray', 'male', '1968-06-16', '9522059047', 'Ray179@vfin.com', 'Aurangabad', 'Ray179'),
(184, 'Reagan', 'male', '1964-05-29', '9609907612', 'Reag184@vfin.com', 'Mayurbhanj', 'Reag184'),
(187, 'Reilly', 'male', '2001-02-24', '9662616751', 'Reil187@vfin.com', 'Bangalore', 'Reil187'),
(177, 'Rex', 'male', '1971-04-09', '9486919621', 'Rex177@vfin.com', 'Sultanpur', 'Rex177'),
(26, 'Reynaldo', 'male', '1984-11-16', '6833892958', 'Reyn26@vfin.com', 'PanchMahal', 'Reyn26'),
(113, 'Rhys', 'male', '1969-04-02', '8362457989', 'Rhys113@vfin.com', 'Gorakhpur', 'Rhys113'),
(156, 'Richard', 'male', '1992-07-19', '9117955648', 'Rich156@vfin.com', 'Kanpur Nagar', 'Rich156'),
(166, 'Rishi', 'male', '1961-01-21', '9293652778', 'Rish166@vfin.com', 'Bankura', 'Rish166'),
(50, 'Ronald', 'male', '1967-10-17', '7255566070', 'Rona50@vfin.com', 'Siddharth Nagar', 'Rona50'),
(66, 'Royce', 'male', '1998-02-28', '7536681478', 'Royc66@vfin.com', 'Amravati', 'Royc66'),
(108, 'Ryland', 'female', '1972-11-17', '8274609424', 'Ryla108@vfin.com', 'Nadia', 'Ryla108'),
(42, 'Salvador', 'female', '1981-04-29', '7115008366', 'Salv42@vfin.com', 'Azamgarh', 'Salv42'),
(55, 'Sheldon', 'male', '1983-01-01', '7343414635', 'Shel55@vfin.com', 'Banaskantha', 'Shel55'),
(9, 'Soren', 'male', '1998-09-08', '6535207837', 'Sore9@vfin.com', 'Sri Potti Sriramulu Nellore', 'Sore9'),
(154, 'Stanley', 'female', '1994-07-28', '9082816222', 'Stan154@vfin.com', 'Ahmadnagar', 'Stan154'),
(69, 'Tanner', 'female', '1995-06-20', '7589390617', 'Tann69@vfin.com', 'Rewa', 'Tann69'),
(1, 'Taylor', 'female', '2000-07-11', '6394650133', 'Tayl1@vfin.com', 'Kannur', 'Tayl1'),
(155, 'Teagan', 'male', '1989-05-23', '9100385935', 'Teag155@vfin.com', 'Jaunpur', 'Teag155'),
(182, 'Terrell', 'male', '1975-11-03', '9574768186', 'Terr182@vfin.com', 'Maharajganj', 'Terr182'),
(77, 'Terrence', 'male', '1965-10-23', '7729948321', 'Terr77@vfin.com', 'Tirunelveli', 'Terr77'),
(23, 'Todd', 'female', '1987-01-14', '6781183819', 'Todd23@vfin.com', 'Gulbarga', 'Todd23'),
(131, 'Tommy', 'male', '1985-09-04', '8678712823', 'Tomm131@vfin.com', 'Mahbubnagar', 'Tomm131'),
(152, 'Travis', 'male', '1972-10-07', '9047676796', 'Trav152@vfin.com', 'Hyderabad', 'Trav152'),
(83, 'Trenton', 'female', '1995-03-27', '7835366599', 'Tren83@vfin.com', 'Thrissur', 'Tren83'),
(132, 'Trevor', 'male', '1973-12-05', '8696282536', 'Trev132@vfin.com', 'Nagaon', 'Trev132'),
(62, 'Trevin', 'female', '1976-09-08', '7466402626', 'Trev62@vfin.com', 'Kozhikode', 'Trev62'),
(35, 'Tripp', 'male', '1978-09-05', '6992020375', 'Trip35@vfin.com', 'East Godavari', 'Trip35'),
(31, 'Tristen', 'female', '1970-10-23', '6921741523', 'Tris31@vfin.com', 'Jalgaon', 'Tris31'),
(60, 'Troy', 'female', '1985-01-08', '7431263200', 'Troy60@vfin.com', 'Bijnor', 'Troy60'),
(37, 'Turner', 'female', '1995-12-10', '7027159801', 'Turn37@vfin.com', 'Tiruvannamalai', 'Turn37'),
(64, 'Vincent', 'female', '1993-10-21', '7501542052', 'Vinc64@vfin.com', 'Katihar', 'Vinc64'),
(110, 'Walker', 'male', '1998-12-17', '8309748850', 'Walk110@vfin.com', 'Patna', 'Walk110'),
(32, 'Wayne', 'male', '1964-11-02', '6939311236', 'Wayn32@vfin.com', 'Palakkad', 'Wayn32'),
(30, 'Wesley', 'female', '1992-08-03', '6904171810', 'Wesl30@vfin.com', 'Deoria', 'Wesl30'),
(158, 'Wilson', 'female', '2001-11-24', '9153095074', 'Wils158@vfin.com', 'Basti', 'Wils158'),
(79, 'Yadiel', 'male', '1997-03-24', '7765087747', 'Yadi79@vfin.com', 'Faizabad', 'Yadi79'),
(21, 'Yair', 'male', '1996-01-16', '6746044393', 'Yair21@vfin.com', 'Madurai', 'Yair21'),
(195, 'Yandel', 'female', '1967-04-15', '9803174455', 'Yand195@vfin.com', 'Salem', 'Yand195'),
(141, 'Yurem', 'female', '1991-06-18', '8854409953', 'Yure141@vfin.com', 'Muzaffarnagar', 'Yure141');

-- --------------------------------------------------------

--
-- Table structure for table `vehicle`
--

DROP TABLE IF EXISTS `vehicle`;
CREATE TABLE IF NOT EXISTS `vehicle` (
  `v_id` varchar(11) NOT NULL,
  `reg_date` varchar(10) DEFAULT NULL,
  `Type` varchar(3) DEFAULT NULL,
  `brand` varchar(11) DEFAULT NULL,
  `vin` varchar(17) DEFAULT NULL,
  `model` varchar(7) DEFAULT NULL,
  PRIMARY KEY (`v_id`)
) ENGINE=InnoDB DEFAULT CHARSET=utf8;

--
-- Dumping data for table `vehicle`
--

INSERT INTO `vehicle` (`v_id`, `reg_date`, `Type`, `brand`, `vin`, `model`) VALUES
('AP02CA6167', '2010-05-29', 'LMV', 'Maruti', '3SHGB11GDVN794856', 'Spade'),
('AP02CA6894', '2019-03-11', '2WN', 'Audi', '4BFCG46XVAI896863', 'RAV4'),
('BR07PB5194', '2011-07-31', 'LMV', 'Bajaj', '2YUUK28UBIT359969', 'Alphard'),
('BR07PB5206', '2015-05-08', '3WT', 'BMW', '1ZADM60VGNX594899', 'Spade'),
('BR07PB5469', '2008-06-23', '2WN', 'Audi', '3SARX89MYOL537554', 'Yris'),
('BR07PB6861', '2008-12-13', '3WT', 'Audi', '0LKEU87GODS542531', 'Passo'),
('BR07PC2540', '2017-12-14', '3WT', 'BMW', '2ARIT85CQSV635214', 'Spade'),
('BR07S6231', '2014-05-10', '2WN', 'Audi', '8SPVU81CXHZ450606', 'Porte'),
('BR07U1254', '2007-02-18', 'LMV', 'Renault', '6JJPU66RGYA268806', 'Spade'),
('BR07U3287', '2001-04-04', '2WN', 'Tata Motors', '7BXAP76QQNC692061', 'Aqua'),
('BR07U6236', '2019-08-23', '3WT', 'Renault', '4LTVU69ZCCG872369', 'Spade'),
('BR07U7055', '2013-03-24', '3WT', 'Tata Motors', '5FAOE05VAOB826659', 'Spade'),
('BR07U8533', '2003-12-10', '2WN', 'Hyundai', '6TSEH52LVWE053243', 'Alphard'),
('BR07V7002', '2003-01-07', '2WN', 'Renault', '7YFFT85KKTE131874', 'Ravier'),
('BR07W2601', '2001-08-24', '2WN', 'Hyundai', '6XXJY09LLTL865514', 'Aqua'),
('BR07W6', '2008-04-06', '3WT', 'Honda', '4RTCL68BFWD770560', 'Aqua'),
('CG10AR2524', '2006-06-02', '3WT', 'BMW', '5WNMH96KZDV380898', 'Raize'),
('CG10AR2902', '2012-12-06', '3WT', 'Maruti', '7UUCW81ZPFT131342', 'Alphard'),
('CG10AR8346', '2012-10-31', 'LMV', 'Honda', '5YHGQ11VHWT519852', 'Spade'),
('CG10AR9233', '2015-04-20', '2WN', 'Bajaj', '2SAXN34CPXS937995', 'RAV4'),
('CG10AR9594', '2009-05-23', '3WT', 'Tata Motors', '7JZXC27EJIK002431', 'Yris'),
('CG10AR9673', '2015-07-18', 'LMV', 'Honda', '9GDZV54CADC224297', 'Raize'),
('DL1CR7977', '2006-03-22', '2WN', 'Maruti', '3MFUT67FUQL725721', 'Aqua'),
('DL1CR9574', '2003-10-17', '2WN', 'Tata Motors', '0OSHP38ODHC770527', 'Porte'),
('DL1CS1801', '2019-03-22', 'LMV', 'Hyundai', '6XXIL87CEGX749003', 'Passo'),
('DL1CS2934', '2017-05-15', '2WN', 'Audi', '7OXKM80QVAR419527', 'Supra'),
('DL1CS5853', '2001-09-12', '2WN', 'Audi', '2XKHG61LAHC722819', 'Porte'),
('DL1CS5957', '2017-07-26', 'LMV', 'Renault', '5NUGG67ZIFM088945', 'Passo'),
('DL1CS7475', '2006-06-21', '2WN', 'Bajaj', '5LUFI92BOJY143522', 'Spade'),
('DL1CS9993', '2005-11-14', '3WT', 'Bajaj', '3BWUJ96LYYH745173', 'Passo'),
('DL1CT1215', '2017-10-25', '2WN', 'Renault', '9JMYL74STOL223667', 'Raize'),
('DL1CT1258', '2014-12-01', '2WN', 'BMW', '1CTMI01SIWB675704', 'Porte'),
('DL1CT2806', '2019-09-22', 'LMV', 'Renault', '7XYXF09PPJU731389', 'Aqua'),
('DL1CT3055', '2003-07-19', '3WT', 'Hyundai', '9GLGQ41PGJO412219', 'Yris'),
('DL1CT3230', '2013-02-01', 'LMV', 'BMW', '8ROZJ30UHYV784422', 'Raize'),
('DL1CT3689', '2010-08-16', '3WT', 'Maruti', '0XTZT83PYWG279457', 'Aqua'),
('DL1CT3976', '2016-03-20', '2WN', 'Tata Motors', '8AOQK56KQWL122953', 'RAV4'),
('GA02TC2295', '2011-10-31', 'LMV', 'Bajaj', '9KBZJ49PICI246735', 'Spade'),
('GA02TC4022', '2012-11-03', '3WT', 'Renault', '6NUIJ09SGRC924352', 'Porte'),
('GA02TC4512', '2012-05-06', 'LMV', 'Maruti', '7DRFT19KYXI501400', 'Ravier'),
('GA02TC6887', '2019-05-02', '2WN', 'Hyundai', '4CGKA69HHFW271581', 'Aqua'),
('GA02TD0317', '2002-08-12', '3WT', 'Bajaj', '0PKDF60BWRV409660', 'Yris'),
('GA02TE0477', '2015-10-26', 'LMV', 'BMW', '7EXCT03XSMA668726', 'Porte'),
('GA02TE1767', '2003-07-11', 'LMV', 'Tata Motors', '7KXCQ48YMHZ564159', 'Yris'),
('GA02TE1768', '2017-01-19', '3WT', 'Hyundai', '6WTIY70EFEW858105', 'Aqua'),
('GA02TE5117', '2014-07-09', 'LMV', 'Bajaj', '2QSIL81XKOU319196', 'Yris'),
('GA02TE5738', '2007-07-23', '3WT', 'Tata Motors', '4GYEQ40MJDX424498', 'Yris'),
('GA02TE5922', '2006-05-29', 'LMV', 'BMW', '4EWGV19PLWP013789', 'Aqua'),
('GA02TF1747', '2015-05-01', '3WT', 'Honda', '6EGBJ74SCSQ687098', 'Spade'),
('GA02TH0273', '2016-04-21', '2WN', 'Renault', '7IKEA07CSXD253333', 'Ravier'),
('GA02TH0354', '2012-10-13', '3WT', 'Maruti', '0NVFS69IDPX677196', 'Raize'),
('GA02TH0355', '2010-05-20', '3WT', 'Audi', '2TRLC30MHFG647641', 'Raize'),
('GA02TH0393', '2016-09-23', '3WT', 'Honda', '2LRPG09LPLE327216', 'Passo'),
('GA02TH1456', '2010-05-19', 'LMV', 'Hyundai', '0JYFM43YFUG913700', 'Spade'),
('GA02TH1557', '2009-03-07', '2WN', 'Hyundai', '6PLZI05XRUN525328', 'Yris'),
('GA02TH2006', '2011-02-24', '2WN', 'Hyundai', '0FSSF52MDFW824512', 'Ravier'),
('GA02TH3606', '2003-03-10', '2WN', 'Renault', '1CYCW11JIZG032612', 'RAV4'),
('GA02TH4464', '2003-04-10', '3WT', 'Maruti', '0IECH79AMBJ477494', 'Yris'),
('GA02THQ389', '2003-08-28', '3WT', 'Maruti', '7WHSS97IGMB288817', 'Aqua'),
('GA02TJ1011', '2013-11-24', '3WT', 'Bajaj', '8SCUB95SIVI999734', 'Raize'),
('GA02W1897', '2003-01-06', 'LMV', 'Honda', '5FXDK08NESV569032', 'Aqua'),
('GA02W6606', '2013-05-15', '3WT', 'Audi', '0SQMJ54EMPX224949', 'Alphard'),
('GA02X7634', '2014-06-15', 'LMV', 'Renault', '4JIXD39HMWG019026', 'Raize'),
('GA02X8249', '2017-02-08', '2WN', 'Tata Motors', '8KRUK76URXM868613', 'Supra'),
('GA02X8586', '2000-08-24', '3WT', 'Maruti', '1IPPD70OFZA162472', 'Ravier'),
('GA02X9161', '2004-07-16', 'LMV', 'Maruti', '3RHID06RSGY349049', 'Porte'),
('GA03AH9605', '2007-12-30', '3WT', 'BMW', '3QAXD84LBXP826438', 'Yris'),
('GA03AQ9493', '2008-03-04', 'LMV', 'Honda', '8AQWD62QINT481859', 'Raize'),
('GA03AR6227', '2012-08-26', '3WT', 'BMW', '9OKEJ42NKGY146531', 'Raize'),
('GJ01DY9992', '2018-11-15', '3WT', 'Maruti', '9WEMB74ULMR514272', 'Aqua'),
('GJ01DZ0136', '2004-07-15', 'LMV', 'BMW', '2PORR00VKAW522371', 'RAV4'),
('GJ01DZ0198', '2000-08-07', '3WT', 'BMW', '2NVSI67JAYY376238', 'Raize'),
('GJ01DZ0312', '2004-06-30', '3WT', 'Maruti', '6TWTU53INVV433916', 'Passo'),
('GJ01DZ0334', '2012-08-04', 'LMV', 'Audi', '3CAPS40PPNZ663659', 'Supra'),
('GJ01DZ0514', '2005-04-11', 'LMV', 'Maruti', '4VOQL57VYXU660799', 'Raize'),
('GJ01DZ0760', '2003-09-16', 'LMV', 'Maruti', '0NWNX35XVJG956908', 'Raize'),
('GJ01DZ0819', '2016-08-08', '3WT', 'BMW', '0TARB70LPDA903665', 'Alphard'),
('GJ01DZ1006', '2019-01-11', 'LMV', 'Maruti', '6DHQZ38BQOP638211', 'Supra'),
('GJ01DZ1105', '2002-09-14', '2WN', 'Tata Motors', '4EKNS50VQXN562672', 'Porte'),
('GJ01DZ1238', '2016-09-30', 'LMV', 'BMW', '8NWLM95UFUR503601', 'RAV4'),
('GJ01DZ156', '2019-08-05', '3WT', 'Renault', '6NILZ56HWVB312670', 'Porte'),
('HP10B8881', '2003-10-05', '2WN', 'Hyundai', '5GGTH00EOTA181322', 'Ravier'),
('HP10B9177', '2013-10-10', '3WT', 'Honda', '9FIUU30MMUM190670', 'Spade'),
('HP10B9577', '2010-01-01', '3WT', 'Maruti', '7GHHU99GVDN555140', 'Supra'),
('HP115558', '2006-10-25', 'LMV', 'Honda', '3YUKG01WSYO878703', 'Spade'),
('HP115634', '2006-09-22', '3WT', 'Honda', '2YOEM62UBXT010471', 'Raize'),
('HP11A0808', '2015-05-26', '2WN', 'BMW', '4GYTF86LKJK134272', 'Ravier'),
('HP11A2138', '2013-08-24', 'LMV', 'Honda', '1JNJW03MSMS705181', 'Supra'),
('HP11A2820', '2007-09-25', '2WN', 'Audi', '5VUIW65MAAS250621', 'Passo'),
('HP11A3553', '2001-08-29', '3WT', 'Hyundai', '5FJJO67HLJY046333', 'Supra'),
('HP11A3619', '2005-02-23', '2WN', 'Bajaj', '5WAOM30VLUO719002', 'Aqua'),
('HP11A4293', '2011-11-12', 'LMV', 'Bajaj', '6OGIV35HWWV626630', 'Raize'),
('HP11A6047', '2007-02-20', '3WT', 'Bajaj', '1OBFD56EMMS686010', 'Yris'),
('HP11A6837', '2002-06-10', '3WT', 'Maruti', '7HJIG50ZZZD741665', 'Yris'),
('HR05AH0823', '2016-07-12', '3WT', 'Honda', '7FHQW10ZCON458101', 'Porte'),
('HR05AH2221', '2000-10-21', '3WT', 'Bajaj', '5PBKP07UOJN565167', 'Aqua'),
('HR05AH5865', '2001-02-09', 'LMV', 'Audi', '4WBNH31THWP475263', 'Aqua'),
('HR05AK2935', '2006-09-17', '2WN', 'Audi', '5IZME46YPPG513202', 'Ravier'),
('HR05AL1710', '2017-09-11', '3WT', 'Hyundai', '3OHUF42BGJM861796', 'Porte'),
('HR05AM1363', '2003-03-28', '3WT', 'Honda', '1QDIC60CNMI353650', 'Aqua'),
('JH01AE7744', '2019-03-22', 'LMV', 'Bajaj', '6XOAF97JBGW847863', 'Ravier'),
('JH01AE9035', '2013-01-22', '2WN', 'Audi', '5BZCV68QUXN969033', 'RAV4'),
('JH01AET7921', '2014-04-16', '2WN', 'Bajaj', '9EZMG42IAHR223062', 'RAV4'),
('JH01AF4334', '2006-06-02', '3WT', 'Renault', '1BEDK46AFQE168395', 'Alphard'),
('JH01AF4346', '2018-11-11', '3WT', 'Renault', '8IUJY72UAJK591919', 'RAV4'),
('JH01AF5534', '2002-05-15', 'LMV', 'Maruti', '1KZHD09MXJD868926', 'Ravier'),
('JK12AX3364', '2003-03-29', '2WN', 'BMW', '2HKDJ74GRFM187084', 'Passo'),
('JK12AX7440', '2019-05-21', '2WN', 'Audi', '1ZDNJ90CEFG095921', 'Passo'),
('JK12AX7806', '2007-10-08', '3WT', 'Audi', '7LCLL86QYWE206320', 'Passo'),
('JK12AX9132', '2010-08-22', '3WT', 'Renault', '7HWDX62TPEE858720', 'Alphard'),
('JK12AX9141', '2008-03-14', 'LMV', 'Bajaj', '8MMQO64AHIQ904965', 'Alphard'),
('JK12AX9585', '2016-08-04', 'LMV', 'Honda', '0PWMP57GUIZ798148', 'Ravier'),
('JK12AX9739', '2002-07-09', 'LMV', 'BMW', '9VTSM67EWTX576649', 'Supra'),
('JK12AY0494', '2011-08-06', '3WT', 'Hyundai', '4TXGN61WUBH608427', 'Alphard'),
('JK12AY1001', '2014-09-23', '3WT', 'Bajaj', '8GJDP07UZPW697906', 'Ravier'),
('KA07B0153', '2007-02-28', '2WN', 'Maruti', '1WRIK92VSGU874893', 'Yris'),
('KA07B0580', '2004-06-10', '2WN', 'Bajaj', '6JWQV90ZOSV373129', 'Porte'),
('KA07M8198', '2006-07-12', 'LMV', 'Audi', '4XSCB12WAYQ616014', 'Ravier'),
('KA07M9518', '2005-01-06', 'LMV', 'Maruti', '5UOSP34REAH247051', 'Raize'),
('KL58Q8528', '2003-08-02', '2WN', 'Bajaj', '4UHHK04RZTM586586', 'Spade'),
('KL58R7300', '2016-09-01', '3WT', 'Honda', '6OXHM89IZQB639095', 'Yris'),
('KL58U4610', '2004-03-03', 'LMV', 'Bajaj', '7XSCW68BGMI478137', 'Spade'),
('KL58U7711', '2000-12-15', '3WT', 'Bajaj', '7FSDC31KPRM708875', 'Yris'),
('KL58V1790', '2011-10-30', '2WN', 'Bajaj', '2PEAG41OOSF972080', 'Spade'),
('KL58W6956', '2007-12-02', 'LMV', 'Renault', '7DUFD53TUNG126074', 'Alphard'),
('KL58X7665', '2018-12-05', 'LMV', 'Honda', '2WDWF16TQFF421452', 'Yris'),
('KL58X9439', '2007-11-09', '3WT', 'Audi', '9DGID83OZUE220274', 'RAV4'),
('KL58X9460', '2002-08-30', 'LMV', 'Honda', '4SJTN86SHTX268323', 'Spade'),
('MH02EH1637', '2003-03-15', '3WT', 'Renault', '6LSZX20GOTJ964498', 'Aqua'),
('MH02EH1682', '2000-01-03', '2WN', 'Hyundai', '9SZSA21VPBT168470', 'Aqua'),
('MH02EH1693', '2019-06-14', 'LMV', 'Maruti', '7IWTF97JQVS223904', 'Spade'),
('MH02EH1777', '2002-08-14', '3WT', 'Tata Motors', '6FPRL62WJBZ489578', 'Supra'),
('MH02EH2017', '2010-06-15', '2WN', 'Honda', '8ULQG36GXSN709096', 'Ravier'),
('MH02EH2681', '2003-10-02', '2WN', 'Maruti', '1OFVE24TVGY852528', 'Yris'),
('MH02EH2935', '2014-09-28', '3WT', 'Renault', '5XUWD01JJCQ536332', 'RAV4'),
('MH02EH2938', '2013-08-27', 'LMV', 'Renault', '5BWVM86MOTN536136', 'Yris'),
('MH02EH3666', '2007-09-26', 'LMV', 'Hyundai', '6GWYE32OITT524193', 'Alphard'),
('MH02EH4580', '2001-11-06', 'LMV', 'Bajaj', '7SIJB09LJYW934969', 'Aqua'),
('RJ02CC0667', '2019-08-04', 'LMV', 'Honda', '0WZRA81DZEQ799812', 'Aqua'),
('RJ02CC5216', '2005-07-27', '2WN', 'Audi', '8UEXH71LGLJ032178', 'Spade'),
('RJ02CC7346', '2007-03-11', 'LMV', 'Audi', '4KUJP16PSMW180532', 'Supra'),
('RJ02CD0801', '2008-12-17', 'LMV', 'Hyundai', '0ECRN10ZTKJ176278', 'Yris'),
('RJ02CK0514', '2003-09-09', 'LMV', 'Hyundai', '7XFLO52HPKT361089', 'Passo'),
('RJ02TA8177', '2012-05-27', '2WN', 'BMW', '9OLNA37VAOQ415646', 'Yris'),
('RJ02TB1483', '2007-01-12', 'LMV', 'Renault', '3DJUX03KXML042203', 'Porte'),
('RJ02TB2223', '2014-08-08', '2WN', 'Maruti', '6QEEQ36BSSK591082', 'Alphard'),
('RJ02TB2647', '2000-07-16', '2WN', 'BMW', '7FZJP84CPVA445237', 'Raize'),
('RJ02TB2655', '2017-10-30', 'LMV', 'Renault', '5LOLX60IFYE217619', 'Ravier'),
('RJ02TB3177', '2005-01-19', '2WN', 'Audi', '2JYXL88MLLI078909', 'RAV4'),
('RJ02TB5071', '2017-05-05', '2WN', 'Tata Motors', '5JBXZ97FHKC554112', 'Spade'),
('RJ02TB7209', '2018-06-08', '3WT', 'Hyundai', '2SQRX94XYSV744637', 'Raize'),
('RJ02TB7668', '2008-12-17', '2WN', 'Hyundai', '0WLVO70PTPP060490', 'Ravier'),
('RJ02TB7722', '2003-10-14', '3WT', 'Honda', '1JNRF31BDKL742251', 'Yris'),
('UP32AW3252', '2003-04-03', 'LMV', 'Audi', '5SNTH82VFIS255420', 'Porte'),
('UP32AW6127', '2018-01-04', '2WN', 'Tata Motors', '3CEAW60YBDB209405', 'Alphard'),
('UP32AW9824', '2008-01-07', '3WT', 'Bajaj', '6VNNV93YMJN167335', 'Supra'),
('UP32AX0030', '2002-04-26', '2WN', 'BMW', '1ZJCB76TWLZ518737', 'Passo'),
('UP32AX0054', '2004-01-23', '3WT', 'BMW', '9SDNW70MGHM658256', 'Aqua'),
('UP32AX2828', '2001-05-20', '3WT', 'Maruti', '0SJGZ50BQWV862348', 'Passo'),
('UP32AX2938', '2010-10-16', 'LMV', 'Honda', '8XEBW64ACDU888669', 'Spade'),
('UP32AX2939', '2016-12-22', '2WN', 'Tata Motors', '8FWLQ78GSXM592975', 'RAV4'),
('UP32AX2941', '2014-06-08', '2WN', 'Honda', '6QLRN61CWIQ599485', 'Yris'),
('UP32AX2987', '2014-12-12', '2WN', 'Hyundai', '5KBVK63BRRB337349', 'Porte'),
('UP32AX3083', '2005-01-15', 'LMV', 'Bajaj', '0HGVJ18IEMD910860', 'Aqua'),
('UP62AY1380', '2007-05-18', '2WN', 'Hyundai', '3BPBC24DAWP898309', 'RAV4'),
('UP62AY4563', '2009-05-02', 'LMV', 'Tata Motors', '6EIFO98ZLLB367018', 'Spade'),
('UP62AY4799', '2000-10-03', '2WN', 'Audi', '8QSHV22WRVC549246', 'Passo'),
('UP62AY5481', '2014-07-29', '3WT', 'Audi', '8DXTQ53QRQL096890', 'Ravier'),
('UP62AY6172', '2012-04-28', 'LMV', 'Hyundai', '2XCAS11OSPU932820', 'Supra'),
('UP65AT9226', '2018-08-18', 'LMV', 'Bajaj', '4LMTP40FKTD466504', 'Ravier'),
('UP65AT9274', '2002-12-22', 'LMV', 'Tata Motors', '3OOAG43PMOM243967', 'Supra'),
('UP65AT9401', '2000-05-09', '3WT', 'Hyundai', '0VMTH10RAZC716100', 'Raize'),
('UP65AT9458', '2003-05-18', '3WT', 'Renault', '6UEJO73LPGH853783', 'Raize'),
('UP65AT9633', '2009-03-18', '3WT', 'Tata Motors', '1UXSL20YUAU780666', 'Ravier'),
('UP65AT9649', '2019-07-21', '3WT', 'Tata Motors', '0UZSP39ZSYW600131', 'Passo'),
('UP65AT9652', '2006-06-14', '3WT', 'BMW', '6LUHN48ZYSE441731', 'Passo'),
('UP65AT9776', '2009-12-14', '2WN', 'Hyundai', '0SOJE51VKOI332809', 'Porte'),
('UP65AT9854', '2007-10-30', '3WT', 'Honda', '4KKWG32BHTL656476', 'RAV4'),
('UP65AT9904', '2013-07-03', 'LMV', 'Maruti', '6MIZK21HMQP306810', 'Yris'),
('UP65AT9941', '2003-09-12', 'LMV', 'Hyundai', '4WMHL68SDYJ537430', 'Alphard'),
('UP65AT9972', '2016-08-09', 'LMV', 'Maruti', '2GQYU10YFOZ340101', 'Alphard'),
('UP65AU1069', '2007-01-17', '2WN', 'Audi', '1WISA87GKIB041430', 'RAV4'),
('UP65AU1439', '2001-02-28', 'LMV', 'Renault', '3WMTT63NTME282673', 'Passo'),
('UP65AU1579', '2010-01-26', '2WN', 'Bajaj', '5QHXX89HKWQ309625', 'Yris'),
('UP65AU3536', '2015-05-21', '2WN', 'Audi', '9BTPL96NCMZ522238', 'Aqua'),
('UP65AU3676', '2004-12-01', '3WT', 'Tata Motors', '0HJWP20LBCU799539', 'Porte'),
('UP65AU5530', '2010-07-19', '3WT', 'Audi', '3DKPF91BHCA037144', 'Raize'),
('UP78AU6797', '2018-05-03', '2WN', 'Audi', '0YHPN40PKQY099087', 'Porte'),
('UP78AU8097', '2018-01-12', 'LMV', 'Maruti', '4YSHO92BRUT379287', 'Spade'),
('UP78AU8302', '2000-01-28', 'LMV', 'Renault', '5UIFH53DFQF385323', 'Supra'),
('UP78AU9999', '2014-10-29', '3WT', 'Honda', '8SVGA16CIBJ348053', 'Spade'),
('UP78AV0018', '2005-10-26', '3WT', 'Honda', '9RZHX68ABTP875437', 'Ravier'),
('UP78AV1351', '2007-07-24', 'LMV', 'Maruti', '3GZWD81PMOG513437', 'Raize'),
('UP78AV4808', '2010-01-27', '3WT', 'Renault', '1PBHY45DWDB499843', 'Porte'),
('UP78AV5287', '2013-07-04', 'LMV', 'Audi', '7YMRC12PCJY735001', 'Passo'),
('UP78AV5822', '2002-09-21', '3WT', 'Tata Motors', '4FNIA09JIUC409444', 'Alphard'),
('UP78AV6813', '2017-09-13', 'LMV', 'Tata Motors', '2JMMV59NQMX810551', 'Passo'),
('UP78AW0943', '2005-11-24', '2WN', 'Honda', '3XFAU60LWFP810826', 'Porte');

-- --------------------------------------------------------

--
-- Table structure for table `v_owner`
--

DROP TABLE IF EXISTS `v_owner`;
CREATE TABLE IF NOT EXISTS `v_owner` (
  `aadhar` varchar(12) NOT NULL,
  `v_id` varchar(11) NOT NULL,
  PRIMARY KEY (`aadhar`,`v_id`),
  KEY `v_owner` (`v_id`)
) ENGINE=InnoDB DEFAULT CHARSET=utf8;

--
-- Dumping data for table `v_owner`
--

INSERT INTO `v_owner` (`aadhar`, `v_id`) VALUES
('640820366252', 'AP02CA6167'),
('642188263925', 'AP02CA6894'),
('709215249902', 'BR07PB5194'),
('710583147575', 'BR07PB5206'),
('711951045248', 'BR07PB5469'),
('713318942921', 'BR07PB6861'),
('714686840594', 'BR07PC2540'),
('716054738267', 'BR07S6231'),
('718790533613', 'BR07U1254'),
('720158431286', 'BR07U3287'),
('721526328959', 'BR07U6236'),
('722894226632', 'BR07U7055'),
('724262124305', 'BR07U8533'),
('725630021978', 'BR07V7002'),
('726997919651', 'BR07W2601'),
('728365817324', 'BR07W6'),
('729733714997', 'CG10AR2524'),
('731101612670', 'CG10AR2902'),
('732469510343', 'CG10AR8346'),
('733837408016', 'CG10AR9233'),
('735205305689', 'CG10AR9594'),
('736573203362', 'CG10AR9673'),
('737941101035', 'DL1CR7977'),
('739308998708', 'DL1CR9574'),
('740676896381', 'DL1CS1801'),
('742044794054', 'DL1CS2934'),
('743412691727', 'DL1CS5853'),
('744780589400', 'DL1CS5957'),
('746148487073', 'DL1CS7475'),
('747516384746', 'DL1CS9993'),
('748884282419', 'DL1CT1215'),
('750252180092', 'DL1CT1258'),
('751620077765', 'DL1CT2806'),
('754355873111', 'DL1CT3055'),
('755723770784', 'DL1CT3230'),
('757091668457', 'DL1CT3689'),
('758459566130', 'DL1CT3976'),
('664074626693', 'GA02TC2295'),
('665442524366', 'GA02TC4022'),
('666810422039', 'GA02TC4512'),
('668178319712', 'GA02TC6887'),
('669546217385', 'GA02TD0317'),
('670914115058', 'GA02TE0477'),
('672282012731', 'GA02TE1767'),
('673649910404', 'GA02TE1768'),
('676385705750', 'GA02TE5117'),
('677753603423', 'GA02TE5738'),
('679121501096', 'GA02TE5922'),
('680489398769', 'GA02TF1747'),
('681857296442', 'GA02TH0273'),
('683225194115', 'GA02TH0354'),
('684593091788', 'GA02TH0355'),
('685960989461', 'GA02TH0393'),
('687328887134', 'GA02TH1456'),
('688696784807', 'GA02TH1557'),
('690064682480', 'GA02TH2006'),
('691432580153', 'GA02TH3606'),
('692800477826', 'GA02TH4464'),
('694168375499', 'GA02THQ389'),
('695536273172', 'GA02TJ1011'),
('696904170845', 'GA02W1897'),
('698272068518', 'GA02W6606'),
('699639966191', 'GA02X7634'),
('701007863864', 'GA02X8249'),
('702375761537', 'GA02X8586'),
('703743659210', 'GA02X9161'),
('705111556883', 'GA03AH9605'),
('706479454556', 'GA03AQ9493'),
('707847352229', 'GA03AR6227'),
('759827463803', 'GJ01DY9992'),
('761195361476', 'GJ01DZ0136'),
('762563259149', 'GJ01DZ0198'),
('763931156822', 'GJ01DZ0312'),
('765299054495', 'GJ01DZ0334'),
('768034849841', 'GJ01DZ0514'),
('769402747514', 'GJ01DZ0760'),
('770770645187', 'GJ01DZ0819'),
('772138542860', 'GJ01DZ1006'),
('773506440533', 'GJ01DZ1105'),
('774874338206', 'GJ01DZ1238'),
('776242235879', 'GJ01DZ156'),
('777610133552', 'HP10B8881'),
('778978031225', 'HP10B9177'),
('780345928898', 'HP10B9577'),
('781713826571', 'HP115558'),
('783081724244', 'HP115634'),
('784449621917', 'HP11A0808'),
('785817519590', 'HP11A2138'),
('787185417263', 'HP11A2820'),
('789921212609', 'HP11A3553'),
('791289110282', 'HP11A3619'),
('792657007955', 'HP11A4293'),
('794024905628', 'HP11A6047'),
('795392803301', 'HP11A6837'),
('796760700974', 'HR05AH0823'),
('798128598647', 'HR05AH2221'),
('799496496320', 'HR05AH5865'),
('800864393993', 'HR05AK2935'),
('802232291666', 'HR05AL1710'),
('803600189339', 'HR05AM1363'),
('804968087012', 'JH01AE7744'),
('806335984685', 'JH01AE9035'),
('807703882358', 'JH01AET7921'),
('809071780031', 'JH01AF4334'),
('810439677704', 'JH01AF4346'),
('811807575377', 'JH01AF5534'),
('902088821795', 'JK12AX3364'),
('903456719468', 'JK12AX7440'),
('904824617141', 'JK12AX7806'),
('906192514814', 'JK12AX9132'),
('907560412487', 'JK12AX9141'),
('908928310160', 'JK12AX9585'),
('910296207833', 'JK12AX9739'),
('911664105506', 'JK12AY0494'),
('913032003179', 'JK12AY1001'),
('813175473050', 'KA07B0153'),
('814543370723', 'KA07B0580'),
('815911268396', 'KA07M8198'),
('817279166069', 'KA07M9518'),
('818647063742', 'KL58Q8528'),
('820014961415', 'KL58R7300'),
('821382859088', 'KL58U4610'),
('822750756761', 'KL58U7711'),
('824118654434', 'KL58V1790'),
('825486552107', 'KL58W6956'),
('826854449780', 'KL58X7665'),
('828222347453', 'KL58X9439'),
('829590245126', 'KL58X9460'),
('830958142799', 'MH02EH1637'),
('832326040472', 'MH02EH1682'),
('833693938145', 'MH02EH1693'),
('835061835818', 'MH02EH1777'),
('836429733491', 'MH02EH2017'),
('837797631164', 'MH02EH2681'),
('839165528837', 'MH02EH2935'),
('840533426510', 'MH02EH2938'),
('841901324183', 'MH02EH3666'),
('843269221856', 'MH02EH4580'),
('643556161598', 'RJ02CC0667'),
('644924059271', 'RJ02CC5216'),
('646291956944', 'RJ02CC7346'),
('647659854617', 'RJ02CD0801'),
('649027752290', 'RJ02CK0514'),
('650395649963', 'RJ02TA8177'),
('651763547636', 'RJ02TB1483'),
('653131445309', 'RJ02TB2223'),
('654499342982', 'RJ02TB2647'),
('655867240655', 'RJ02TB2655'),
('657235138328', 'RJ02TB3177'),
('658603036001', 'RJ02TB5071'),
('659970933674', 'RJ02TB7209'),
('661338831347', 'RJ02TB7668'),
('662706729020', 'RJ02TB7722'),
('887041947392', 'UP32AW3252'),
('885674049719', 'UP32AW6127'),
('888409845065', 'UP32AW9824'),
('889777742738', 'UP32AX0030'),
('891145640411', 'UP32AX0054'),
('892513538084', 'UP32AX2828'),
('893881435757', 'UP32AX2938'),
('896617231103', 'UP32AX2939'),
('897985128776', 'UP32AX2941'),
('899353026449', 'UP32AX2987'),
('900720924122', 'UP32AX3083'),
('914399900852', 'UP62AY1380'),
('915767798525', 'UP62AY4563'),
('917135696198', 'UP62AY4799'),
('918503593871', 'UP62AY5481'),
('919871491544', 'UP62AY6172'),
('844637119529', 'UP65AT9226'),
('846005017202', 'UP65AT9274'),
('847372914875', 'UP65AT9401'),
('848740812548', 'UP65AT9458'),
('850108710221', 'UP65AT9633'),
('851476607894', 'UP65AT9649'),
('852844505567', 'UP65AT9652'),
('854212403240', 'UP65AT9776'),
('855580300913', 'UP65AT9854'),
('856948198586', 'UP65AT9904'),
('858316096259', 'UP65AT9941'),
('861051891605', 'UP65AT9972'),
('862419789278', 'UP65AU1069'),
('863787686951', 'UP65AU1439'),
('865155584624', 'UP65AU1579'),
('866523482297', 'UP65AU3536'),
('867891379970', 'UP65AU3676'),
('869259277643', 'UP65AU5530'),
('870627175316', 'UP78AU6797'),
('871995072989', 'UP78AU8097'),
('873362970662', 'UP78AU8302'),
('874730868335', 'UP78AU9999'),
('876098766008', 'UP78AV0018'),
('877466663681', 'UP78AV1351'),
('878834561354', 'UP78AV4808'),
('880202459027', 'UP78AV5287'),
('881570356700', 'UP78AV5822'),
('882938254373', 'UP78AV6813'),
('884306152046', 'UP78AW0943');

--
-- Constraints for dumped tables
--

--
-- Constraints for table `loan`
--
ALTER TABLE `loan`
  ADD CONSTRAINT `loan_ibfk_1` FOREIGN KEY (`f_id`) REFERENCES `financer` (`f_id`) ON DELETE CASCADE ON UPDATE CASCADE,
  ADD CONSTRAINT `loan_ibfk_2` FOREIGN KEY (`v_id`) REFERENCES `vehicle` (`v_id`) ON DELETE CASCADE ON UPDATE CASCADE;

--
-- Constraints for table `v_owner`
--
ALTER TABLE `v_owner`
  ADD CONSTRAINT `v_owner_ibfk_1` FOREIGN KEY (`aadhar`) REFERENCES `owner` (`aadhar`),
  ADD CONSTRAINT `v_owner_ibfk_2` FOREIGN KEY (`v_id`) REFERENCES `vehicle` (`v_id`) ON DELETE CASCADE ON UPDATE CASCADE;
COMMIT;

/*!40101 SET CHARACTER_SET_CLIENT=@OLD_CHARACTER_SET_CLIENT */;
/*!40101 SET CHARACTER_SET_RESULTS=@OLD_CHARACTER_SET_RESULTS */;
/*!40101 SET COLLATION_CONNECTION=@OLD_COLLATION_CONNECTION */;
